source,sm_id,id,launch_id,show_type,movie_title,series_title,episode_title,release_year,link_expired,Projectx_ids,Variant id present for episode,Variant parent id for Episode,Projectx_series_id,comment,Result,id duplicate,Duplicate ids in search,Credit_match,Rovi_id count for duplicate,Gb_id_count for duplicate,Hulu_id count for duplicate,Mapped rovi_id for duplicate,Mapped gb_id for duplicate,Mapped Hulu_id for duplicate,variant parent id present,variant_parent_id,link_fetched_from,Sources of link
Hulu,11210,649368,60364819,SE,,Lupin the Third Part II,(Sub) Christmas at Tiffany's,1977,False,[],,,,"('No multiple ids for this episode link', 649368, 11210)",No multiple ids for this episode link,,,,,
Hulu,16149,613501,60364781,SE,,Log Horizon,(Sub) The Two of Us Shall Waltz,2013,False,[],,,,"('No multiple ids for this episode link', 613501, 16149)",No multiple ids for this episode link,,,,,
Hulu,404,614127,60364444,SE,,The Real Housewives of New York City,Model Behavior,2008,False,[],,,,"('No multiple ids for this episode link', 614127, 404)",No multiple ids for this episode link,,,,,
Hulu,4814,613146,60364427,SE,,Melissa & Joey,The Chaperones,2010,False,[],,,,"('No multiple ids for this episode link', 613146, 4814)",No multiple ids for this episode link,,,,,
Hulu,10662,613112,60364421,SE,,Baby Daddy,An Affair Not to Remember,2012,False,[],,,,"('No multiple ids for this episode link', 613112, 10662)",No multiple ids for this episode link,,,,,
Hulu,10921,613088,60364414,SE,,Larry King Now,Dominic Monaghan,2012,False,[],,,,"('No multiple ids for this episode link', 613088, 10921)",No multiple ids for this episode link,,,,,
Hulu,348,613101,60364338,SE,,WWE Monday Night Raw,"Mon, Mar 24, 2014",1997,False,[],,,,"('No multiple ids for this episode link', 613101, 348)",No multiple ids for this episode link,,,,,
Hulu,11226,612965,60364267,SE,,Nashville,Your Wild Life's Gonna Get You Down,2012,False,[],,,,"('No multiple ids for this episode link', 612965, 11226)",No multiple ids for this episode link,,,,,
Hulu,11878,612864,60364168,SE,,Magi 2,(Sub) Time of Destruction,2012,False,[],,,,"('No multiple ids for this episode link', 612864, 11878)",No multiple ids for this episode link,,,,,
Hulu,13334,645600,60364046,SE,,Cold Squad,The Naked and the Dead,1998,False,[],,,,"('No multiple ids for this episode link', 645600, 13334)",No multiple ids for this episode link,,,,,
Hulu,8231,613043,60364031,SE,,Maken-Ki! Battling Venus,"(Sub) And So, Toward Makenki",2011,False,[],,,,"('No multiple ids for this episode link', 613043, 8231)",No multiple ids for this episode link,,,,,
Hulu,14407,612757,60364012,SE,,Sanjay and Craig,Susan Loogie / Curb Dawgz,2013,False,[],,,,"('No multiple ids for this episode link', 612757, 14407)",No multiple ids for this episode link,,,,,
Hulu,17327,612756,60364003,SE,,Breadwinners,Love Loaf / Beach Day... of Horror,2014,False,[],,,,"('No multiple ids for this episode link', 612756, 17327)",No multiple ids for this episode link,,,,,
Hulu,3433,613567,60363994,SE,,Archer,"Palace Intrigue, Part 2",2009,False,[],,,,"('No multiple ids for this episode link', 613567, 3433)",No multiple ids for this episode link,,,,,
Hulu,8108,634266,60363885,SE,,The Only Way Is Essex,Episode 9,2010,False,[],,,,"('No multiple ids for this episode link', 634266, 8108)",No multiple ids for this episode link,,,,,
Hulu,16922,612401,60363834,SE,,D-Frag!,(Sub) What's My Secret Move?,2014,False,[],,,,"('No multiple ids for this episode link', 612401, 16922)",No multiple ids for this episode link,,,,,
Hulu,15854,612400,60363833,SE,,Tokyo Ravens,(Sub) To the DarkSky -Onmyo-,2013,False,[],,,,"('No multiple ids for this episode link', 612400, 15854)",No multiple ids for this episode link,,,,,
Hulu,16924,612397,60363832,SE,,Noragami,(Sub) Abandoned God,2010,False,[],,,,"('No multiple ids for this episode link', 612397, 16924)",No multiple ids for this episode link,,,,,
Hulu,16832,612396,60363831,SE,,Space Dandy,"(Sub) I'm Never Remembering You, Baby",2014,False,[],,,,"('No multiple ids for this episode link', 612396, 16832)",No multiple ids for this episode link,,,,,
Hulu,16921,612394,60363830,SE,,Buddy Complex,(Sub) The Truth,2014,False,[],,,,"('No multiple ids for this episode link', 612394, 16921)",No multiple ids for this episode link,,,,,
Hulu,16923,612323,60363770,SE,,Nobunagun,"(Sub) Gun Twelve: ""Operation Stone Forest, Part 2""",2010,False,[],,,,"('No multiple ids for this episode link', 612323, 16923)",No multiple ids for this episode link,,,,,
Hulu,16831,613063,60363715,SE,,Future Card Buddyfight,(Dub) Powers Unite! Dragonic Punisher!,2014,False,[],,,,"('No multiple ids for this episode link', 613063, 16831)",No multiple ids for this episode link,,,,,
Hulu,16937,612543,60363635,SE,,Broad City,Apartment Hunters,2014,False,[],,,,"('No multiple ids for this episode link', 612543, 16937)",No multiple ids for this episode link,,,,,
Hulu,14421,612018,60363497,SE,,Twisted,"Danny, Interrupted",2013,False,[],,,,"('No multiple ids for this episode link', 612018, 14421)",No multiple ids for this episode link,,,,,
Hulu,10,612010,60363495,SE,,Bones,The Carrot in the Kudzu,2005,False,[],,,,"('No multiple ids for this episode link', 612010, 10)",No multiple ids for this episode link,,,,,
Hulu,53,612405,60363490,SE,,American Dad!,I Ain't No Holodeck Boy,2005,False,[],,,,"('No multiple ids for this episode link', 612405, 53)",No multiple ids for this episode link,,,,,
Hulu,11725,611926,60363435,SE,,WWE en Espanol,"Vie, Mar 21, 2014",2012,False,[],,,,"('No multiple ids for this episode link', 611926, 11725)",No multiple ids for this episode link,,,,,
Hulu,347,611977,60363431,SE,,WWE SmackDown,"Fri, Mar 21, 2014",1999,False,[],,,,"('No multiple ids for this episode link', 611977, 347)",No multiple ids for this episode link,,,,,
Hulu,9974,615522,60363375,SE,,A Certain Magical Index,(Sub) The Researcher (Amata Kihara),2008,False,[],,,,"('No multiple ids for this episode link', 615522, 9974)",No multiple ids for this episode link,,,,,
Hulu,6901,616779,60363372,SE,,Fairy Tail,(Sub) The Fury of Legion,2009,False,[],,,,"('No multiple ids for this episode link', 616779, 6901)",No multiple ids for this episode link,,,,,
Hulu,16903,611968,60363311,SE,,Nisekoi,(Sub) Celebration,2014,False,[],,,,"('No multiple ids for this episode link', 611968, 16903)",No multiple ids for this episode link,,,,,
Hulu,17249,611976,60363300,SE,,Magical Warfare,(Sub) The Magic Sword's Secret,2014,False,[],,,,"('No multiple ids for this episode link', 611976, 17249)",No multiple ids for this episode link,,,,,
Hulu,17246,611944,60363297,SE,,Engaged to the Unidentified,"That's One Thing, This Is Another",2014,False,[],,,,"('No multiple ids for this episode link', 611944, 17246)",No multiple ids for this episode link,,,,,
Hulu,10337,614492,60363189,SE,,Pramface,Kiss for the Camera,2012,False,[],,,,"('No multiple ids for this episode link', 614492, 10337)",No multiple ids for this episode link,,,,,
Hulu,12990,613590,60363161,SE,,Legit,Checkmate,2013,False,[],,,,"('No multiple ids for this episode link', 613590, 12990)",No multiple ids for this episode link,,,,,
Hulu,15462,613327,60363152,SE,,Ranma 1/2,"(Sub) Enter Gosunkugi, the New Rival!?",1989,False,[],,,,"('No multiple ids for this episode link', 613327, 15462)",No multiple ids for this episode link,,,,,
Hulu,7556,611707,60363033,SE,,Revenge,Disgrace,2011,False,[],,,,"('No multiple ids for this episode link', 611707, 7556)",No multiple ids for this episode link,,,,,
Hulu,15730,611563,60362893,SE,,Kill la Kill,(Sub) Imitation Gold,2013,False,[],,,,"('No multiple ids for this episode link', 611563, 15730)",No multiple ids for this episode link,,,,,
Hulu,2388,611542,60362870,SE,,WWE Superstars,"Thu, Mar 20, 2014",2009,False,[],,,,"('No multiple ids for this episode link', 611542, 2388)",No multiple ids for this episode link,,,,,
Hulu,3953,611504,60362865,SE,,WWE NXT,"Thu, Mar 20, 2014",2010,False,[],,,,"('No multiple ids for this episode link', 611504, 3953)",No multiple ids for this episode link,,,,,
Hulu,11907,611538,60362861,SE,,WWE Main Event,"Thu, Mar 20, 2014",2012,False,[],,,,"('No multiple ids for this episode link', 611538, 11907)",No multiple ids for this episode link,,,,,
Hulu,54,611521,60362854,SE,,Family Guy,Fresh Heir,1999,False,[],,,,"('No multiple ids for this episode link', 611521, 54)",No multiple ids for this episode link,,,,,
Hulu,14534,611488,60362840,SE,,Politicking with Larry King,Does Republican Victory in Fla. Special Election Signal Doom for Dems?,2013,False,[],,,,"('No multiple ids for this episode link', 611488, 14534)",No multiple ids for this episode link,,,,,
Hulu,1968,611483,60362809,SE,,Parks and Recreation,Galentine's Day,2009,False,[],,,,"('No multiple ids for this episode link', 611483, 1968)",No multiple ids for this episode link,,,,,
Hulu,3897,611446,60362744,SE,,Parenthood,The Offer,2010,False,[],,,,"('No multiple ids for this episode link', 611446, 3897)",No multiple ids for this episode link,,,,,
Hulu,2505,611428,60362707,SE,,Community,Advanced Advanced Dungeons & Dragons,2009,False,[],,,,"('No multiple ids for this episode link', 611428, 2505)",No multiple ids for this episode link,,,,,
Hulu,13482,611438,60362706,SE,,Vikings,Eye for an Eye,2011,False,[],,,,"('No multiple ids for this episode link', 611438, 13482)",No multiple ids for this episode link,,,,,
Hulu,11199,611454,60362587,SE,,Lo que Callamos las Mujeres,Lo Mio es Mio,2012,False,[],,,,"('No multiple ids for this episode link', 611454, 11199)",No multiple ids for this episode link,,,,,
Hulu,2458,611224,60362303,SE,,Shark Tank,Week 21,2009,False,[],,,,"('No multiple ids for this episode link', 611224, 2458)",No multiple ids for this episode link,,,,,
Hulu,4910,611349,60362220,SE,,Bob's Burgers,Uncle Teddy,2011,False,[],,,,"('No multiple ids for this episode link', 611349, 4910)",No multiple ids for this episode link,,,,,
Hulu,16693,612866,60362038,SE,,Deadbeat,The Knockoff,2013,False,[],,,,"('No multiple ids for this episode link', 612866, 16693)",No multiple ids for this episode link,,,,,
Hulu,389,611003,60361986,SE,,Law & Order: Special Victims Unit,Criminal Stories,1999,False,[],,,,"('No multiple ids for this episode link', 611003, 389)",No multiple ids for this episode link,,,,,
Hulu,148,610968,60361962,SE,,Hell's Kitchen,19 Chefs Compete,2005,False,[],,,,"('No multiple ids for this episode link', 610968, 148)",No multiple ids for this episode link,,,,,
Hulu,1603,610955,60361895,SE,,Naruto Shippuden,(Sub) Kakashi: Shadow of the ANBU Black Ops - a Shinobi of the Leaf,2007,False,[],,,,"('No multiple ids for this episode link', 610955, 1603)",No multiple ids for this episode link,,,,,
Hulu,6434,610889,60361857,SE,,Toriko,(Sub) Resuscitation Strike! the Four Kings' Ultimate Skill!,2011,False,[],,,,"('No multiple ids for this episode link', 610889, 6434)",No multiple ids for this episode link,,,,,
Hulu,16108,611032,60361844,SE,,Golden Time,(Sub) His Chasm,2013,False,[],,,,"('No multiple ids for this episode link', 611032, 16108)",No multiple ids for this episode link,,,,,
Hulu,17206,610867,60361833,SE,,Nobunaga the Fool,(Sub) The Hierophant,2014,False,[],,,,"('No multiple ids for this episode link', 610867, 17206)",No multiple ids for this episode link,,,,,
Hulu,17297,611065,60361803,SE,,Sirens,Famous Last Words,2014,False,[],,,,"('No multiple ids for this episode link', 611065, 17297)",No multiple ids for this episode link,,,,,
Hulu,4948,610506,60361556,SE,,Raising Hope,Para-Natesville Activity,2010,False,[],,,,"('No multiple ids for this episode link', 610506, 4948)",No multiple ids for this episode link,,,,,
Hulu,2138,610327,60361483,SE,,One Piece,(Sub) A Super Rookie! Bartolomeo the Cannibal!,1999,False,[],,,,"('No multiple ids for this episode link', 610327, 2138)",No multiple ids for this episode link,,,,,
Hulu,17938,626715,60361475,SE,,Taxi,The Boss Wife,1978,False,[],,,,"('No multiple ids for this episode link', 626715, 17938)",No multiple ids for this episode link,,,,,
Hulu,17214,616770,60360833,SE,,Doozers,Project Radish-a-pult,2014,False,[],,,,"('No multiple ids for this episode link', 616770, 17214)",No multiple ids for this episode link,,,,,
Hulu,18113,630479,60360493,SE,,Beverly Hills 90210,East Side Story,1990,False,[],,,,"('No multiple ids for this episode link', 630479, 18113)",No multiple ids for this episode link,,,,,
Hulu,15896,610917,60360299,SE,,The Thundermans,Thundersense,2013,False,[],,,,"('No multiple ids for this episode link', 610917, 15896)",No multiple ids for this episode link,,,,,
Hulu,12138,610915,60360294,SE,,Teenage Mutant Ninja Turtles,The Manhattan Project,2012,False,[],,,,"('No multiple ids for this episode link', 610915, 12138)",No multiple ids for this episode link,,,,,
Hulu,15360,609766,60360285,SE,,The Goldbergs,For Your Own Good,2013,False,[],,,,"('No multiple ids for this episode link', 609766, 15360)",No multiple ids for this episode link,,,,,
Hulu,1318,628586,60358029,SE,,Bleach,(Dub) Bleach 165,2006,False,[],,,,"('No multiple ids for this episode link', 628586, 1318)",No multiple ids for this episode link,,,,,
Hulu,17939,630595,60356879,SE,,The Odd Couple,The Exorcists,1970,False,[],,,,"('No multiple ids for this episode link', 630595, 17939)",No multiple ids for this episode link,,,,,
Hulu,18035,626862,60356086,SE,,Australia's Next Top Model,Paintbox,2005,False,[],,,,"('No multiple ids for this episode link', 626862, 18035)",No multiple ids for this episode link,,,,,
Hulu,17868,623900,60355610,SE,,Everybody Hates Chris,Everybody Hates Mother's Day,2005,False,[],,,,"('No multiple ids for this episode link', 623900, 17868)",No multiple ids for this episode link,,,,,
Hulu,77,606124,60355004,SE,,Saturday Night Live,Lena Dunham,1975,False,[],,,,"('No multiple ids for this episode link', 606124, 77)",No multiple ids for this episode link,,,,,
Hulu,17954,632242,60354985,SE,,The Brady Bunch,The Hustler,1969,False,[],,,,"('No multiple ids for this episode link', 632242, 17954)",No multiple ids for this episode link,,,,,
Hulu,17989,630812,60354894,SE,,Wings (TV),Oedipus Wrecks,1990,False,[],,,,"('No multiple ids for this episode link', 630812, 17989)",No multiple ids for this episode link,,,,,
Hulu,17863,620352,60353970,SE,,Flashpoint (TV),A Day in the Life,2009,False,[],,,,"('No multiple ids for this episode link', 620352, 17863)",No multiple ids for this episode link,,,,,
Hulu,2324,632978,60353846,SE,,Inuyasha,(Dub) Kagome's Instictive Choice,2000,False,[],,,,"('No multiple ids for this episode link', 632978, 2324)",No multiple ids for this episode link,,,,,
Hulu,8106,613349,60353668,SE,,Ghost Whisperer,Friendly Neighborhood Ghost,2005,False,[],,,,"('No multiple ids for this episode link', 613349, 8106)",No multiple ids for this episode link,,,,,
Hulu,7560,605495,60353408,SE,,Last Man Standing,Eve's Boyfriend,2011,False,[],,,,"('No multiple ids for this episode link', 605495, 7560)",No multiple ids for this episode link,,,,,
Hulu,17860,619953,60352397,SE,,Cheers,"Do Not Fosake Me, 'O My Postman",1982,False,[],,,,"('No multiple ids for this episode link', 619953, 17860)",No multiple ids for this episode link,,,,,
Hulu,17641,611125,60351993,SE,,The Familiar of Zero,(Sub) Louise's Marriage,2006,False,[],,,,"('No multiple ids for this episode link', 611125, 17641)",No multiple ids for this episode link,,,,,
Hulu,18654,655456,60349697,SE,,First Discoveries,"Trucks, Planes and Trains",2013,False,[],,,,"('No multiple ids for this episode link', 655456, 18654)",No multiple ids for this episode link,,,,,
Hulu,18391,642383,60349682,SE,,Go Eco,"Beach, Part 2",2014,False,[],,,,"('No multiple ids for this episode link', 642383, 18391)",No multiple ids for this episode link,,,,,
Hulu,18537,648055,60349672,SE,,Pim & Pimba,Pot,2013,False,[],,,,"('No multiple ids for this episode link', 648055, 18537)",No multiple ids for this episode link,,,,,
Hulu,18569,648949,60349665,SE,,Hungry Henry,Lemonade / Watermelon,2014,False,[],,,,"('No multiple ids for this episode link', 648949, 18569)",No multiple ids for this episode link,,,,,
Hulu,16556,602913,60349312,SE,,Golan the Insatiable,Dylan Crushes Reading,2013,False,[],,,,"('No multiple ids for this episode link', 602913, 16556)",No multiple ids for this episode link,,,,,
Hulu,16563,602912,60349311,SE,,Lucas Bros. Moving Co.,Big Head Mike,2013,False,[],,,,"('No multiple ids for this episode link', 602912, 16563)",No multiple ids for this episode link,,,,,
Hulu,17861,620215,60349240,SE,,Undercover Boss,Norwegian Cruise Line,2010,False,[],,,,"('No multiple ids for this episode link', 620215, 17861)",No multiple ids for this episode link,,,,,
Hulu,14950,622838,60348944,SE,,Fugget About It,Pizza With Extra Cheech,2012,False,[],,,,"('No multiple ids for this episode link', 622838, 14950)",No multiple ids for this episode link,,,,,
Hulu,12896,600218,60345913,SE,,Vanderpump Rules,Secrets Revealed,2013,False,[],,,,"('No multiple ids for this episode link', 600218, 12896)",No multiple ids for this episode link,,,,,
Hulu,17959,633392,60345794,SE,,7th Heaven,"Holy War, Part 1",1996,False,[],,,,"('No multiple ids for this episode link', 633392, 17959)",No multiple ids for this episode link,,,,,
Hulu,18131,632075,60345614,SE,,Melrose Place,The Rumor Whisperer,1992,False,[],,,,"('No multiple ids for this episode link', 632075, 18131)",No multiple ids for this episode link,,,,,
Hulu,13967,621353,60345232,SE,,Pororo the Little Penguin,Loopy and Petty's Eventful Night,2013,False,[],,,,"('No multiple ids for this episode link', 621353, 13967)",No multiple ids for this episode link,,,,,
Hulu,14516,620835,60345231,SE,,Tayo the Little Bus,Nana Visits the City,2010,False,[],,,,"('No multiple ids for this episode link', 620835, 14516)",No multiple ids for this episode link,,,,,
Hulu,15054,599345,60344168,SE,,Rabbids Invasion,Raving Alien / Rabbid Like Me / Rabbid Mozart,2013,False,[],,,,"('No multiple ids for this episode link', 599345, 15054)",No multiple ids for this episode link,,,,,
Hulu,15960,599847,60343382,SE,,Mother Up,Rudi Gets Served,2013,False,[],,,,"('No multiple ids for this episode link', 599847, 15960)",No multiple ids for this episode link,,,,,
Hulu,12745,608331,60342549,SE,,Survivor,Zipping Over the Cuckoo's Next,2010,False,[],,,,"('No multiple ids for this episode link', 608331, 12745)",No multiple ids for this episode link,,,,,
Hulu,12854,598264,60342164,SE,,NASA X,The Future of Fixed Wing Aircraft,2012,False,[],,,,"('No multiple ids for this episode link', 598264, 12854)",No multiple ids for this episode link,,,,,
Hulu,5998,598907,60341401,SE,,Countdown to UFC,Countdown to UFC 170,2011,False,[],,,,"('No multiple ids for this episode link', 598907, 5998)",No multiple ids for this episode link,,,,,
Hulu,8023,636749,60341264,SE,,Yu-Gi-Oh! ZEXAL,(Dub) Shadows End,2011,False,[],,,,"('No multiple ids for this episode link', 636749, 8023)",No multiple ids for this episode link,,,,,
Hulu,8322,607474,60340393,SE,,America's Next Top Model,What Happens in Vegas-Fun and Games,2011,False,[],,,,"('No multiple ids for this episode link', 607474, 8322)",No multiple ids for this episode link,,,,,
Hulu,18635,651577,60337452,SE,,Hippa Hey,Circus,2013,False,[],,,,"('No multiple ids for this episode link', 651577, 18635)",No multiple ids for this episode link,,,,,
Hulu,16767,623202,60337450,SE,,The Bridge (SE),Episode 3,2011,False,[],,,,"('No multiple ids for this episode link', 623202, 16767)",No multiple ids for this episode link,,,,,
Hulu,18498,646659,60337437,SE,,Walter and Dude,Rubber Duck,2012,False,[],,,,"('No multiple ids for this episode link', 646659, 18498)",No multiple ids for this episode link,,,,,
Hulu,18592,649826,60337427,SE,,Mr. Snail,Cricket / Frog / Bumble Bee,2014,False,[],,,,"('No multiple ids for this episode link', 649826, 18592)",No multiple ids for this episode link,,,,,
Hulu,18507,648065,60337420,SE,,Oliver Discovers,Closet / Living Room,2014,False,[],,,,"('No multiple ids for this episode link', 648065, 18507)",No multiple ids for this episode link,,,,,
Hulu,177,593109,60337269,SE,,Top Chef,Finale,2006,False,[],,,,"('No multiple ids for this episode link', 593109, 177)",No multiple ids for this episode link,,,,,
Hulu,12104,595983,60337021,SE,,Psycho-Pass,(Dub) Those Capable,2012,False,[],,,,"('No multiple ids for this episode link', 595983, 12104)",No multiple ids for this episode link,,,,,
Hulu,16987,592332,60336471,SE,,Every Witch Way,The Chosen One,2014,False,[],,,,"('No multiple ids for this episode link', 592332, 16987)",No multiple ids for this episode link,,,,,
Hulu,9338,609468,60335755,SE,,The Amazing Race,Loose Lips Sink Ships,2001,False,[],,,,"('No multiple ids for this episode link', 609468, 9338)",No multiple ids for this episode link,,,,,
Hulu,15138,591043,60335363,SE,,Sleepy Hollow,Bad Blood,2013,False,[],,,,"('No multiple ids for this episode link', 591043, 15138)",No multiple ids for this episode link,,,,,
Hulu,7795,610556,60334491,SE,,American Horror Story,The Seven Wonders,2011,False,[],,,,"('No multiple ids for this episode link', 610556, 7795)",No multiple ids for this episode link,,,,,
Hulu,3356,590223,60334383,SE,,White Collar,Diamond Exchange,2009,False,[],,,,"('No multiple ids for this episode link', 590223, 3356)",No multiple ids for this episode link,,,,,
Hulu,11154,592254,60333594,SE,,Line of Duty,Episode 6,2012,False,[],,,,"('No multiple ids for this episode link', 592254, 11154)",No multiple ids for this episode link,,,,,
Hulu,16758,593719,60333289,SE,,Gumby's Best Episodes: The Original Adventures,The Black Knight,1957,False,[],,,,"('No multiple ids for this episode link', 593719, 16758)",No multiple ids for this episode link,,,,,
Hulu,15049,586434,60330211,SE,,Monogatari Series Second Season,"(Sub) Hitagi End, Part 6",2013,False,[],,,,"('No multiple ids for this episode link', 586434, 15049)",No multiple ids for this episode link,,,,,
Hulu,11248,585717,60329464,SE,,The Mindy Project,The Desert,2012,False,[],,,,"('No multiple ids for this episode link', 585717, 11248)",No multiple ids for this episode link,,,,,
Hulu,7936,584279,60328278,SE,,Infinite Stratos,(Sub) Girls Over,2011,False,[],,,,"('No multiple ids for this episode link', 584279, 7936)",No multiple ids for this episode link,,,,,
Hulu,18388,642369,60327589,SE,,Stick with Mick,At the Dinner Table / In the Park,2011,False,[],,,,"('No multiple ids for this episode link', 642369, 18388)",No multiple ids for this episode link,,,,,
Hulu,18536,648475,60327577,SE,,Bath & Bed,Night Sky,2011,False,[],,,,"('No multiple ids for this episode link', 648475, 18536)",No multiple ids for this episode link,,,,,
Hulu,18496,646691,60327460,SE,,Songs & Rhymes,Favorite Lullabies Vol. 2  ,2014,False,[],,,,"('No multiple ids for this episode link', 646691, 18496)",No multiple ids for this episode link,,,,,
Hulu,8230,586618,60327040,SE,,The Future Diary,(Dub) New Model,2011,False,[],,,,"('No multiple ids for this episode link', 586618, 8230)",No multiple ids for this episode link,,,,,
Hulu,18497,646654,60326816,SE,,Tulli,Toothbrush and Toothpaste / Birthday Cake / Slide / Clock,2011,False,[],,,,"('No multiple ids for this episode link', 646654, 18497)",No multiple ids for this episode link,,,,,
Hulu,18524,647929,60326750,SE,,Draco,Bed / Car / Closet,2011,False,[],,,,"('No multiple ids for this episode link', 647929, 18524)",No multiple ids for this episode link,,,,,
Hulu,17326,597701,60326745,SE,,Big Bugs Band,Classical Tunes,2011,False,[],,,,"('No multiple ids for this episode link', 597701, 17326)",No multiple ids for this episode link,,,,,
Hulu,18505,648022,60326067,SE,,Charlie & the Numbers,Charlie Meets 9 & 10,2010,False,[],,,,"('No multiple ids for this episode link', 648022, 18505)",No multiple ids for this episode link,,,,,
Hulu,18565,648780,60326065,SE,,Cuddlies,Where Is Everyone / The Egg,2010,False,[],,,,"('No multiple ids for this episode link', 648780, 18565)",No multiple ids for this episode link,,,,,
Hulu,18389,642371,60326060,SE,,Concertino,Lo Delibes,2014,False,[],,,,"('No multiple ids for this episode link', 642371, 18389)",No multiple ids for this episode link,,,,,
Hulu,18504,647353,60325878,SE,,Billy Bam Bam,Chickens / Elephant,2010,False,[],,,,"('No multiple ids for this episode link', 647353, 18504)",No multiple ids for this episode link,,,,,
Hulu,16095,582093,60325443,SE,,Outbreak Company,(Sub) Shoot the Invaders!,2013,False,[],,,,"('No multiple ids for this episode link', 582093, 16095)",No multiple ids for this episode link,,,,,
Hulu,15900,580311,60323768,SE,,Diabolik Lovers,(Sub) Episode 12,2013,False,[],,,,"('No multiple ids for this episode link', 580311, 15900)",No multiple ids for this episode link,,,,,
Hulu,8742,580168,60323671,SE,,Project Runway All Stars,Are U.N. or Are You Out?,2012,False,[],,,,"('No multiple ids for this episode link', 580168, 8742)",No multiple ids for this episode link,,,,,
Hulu,16874,595416,60323668,SE,,The FBI Files,Rebellion in Paradise,1998,False,[],,,,"('No multiple ids for this episode link', 595416, 16874)",No multiple ids for this episode link,,,,,
Hulu,12103,580124,60323146,SE,,Kamisama Kiss,(Dub) The God Becomes a Target,2012,False,[],,,,"('No multiple ids for this episode link', 580124, 12103)",No multiple ids for this episode link,,,,,
Hulu,13942,576415,60319888,SE,,Valvrave the Liberator,(Sub) Revolution to the Future,2013,False,[],,,,"('No multiple ids for this episode link', 576415, 13942)",No multiple ids for this episode link,,,,,
Hulu,16037,578755,60319270,SE,,All Saints (1998),Pushed Too Far,1998,False,[],,,,"('No multiple ids for this episode link', 578755, 16037)",No multiple ids for this episode link,,,,,
Hulu,8898,576305,60318874,SE,,Key & Peele,Pussy on the Chainwax,2012,False,[],,,,"('No multiple ids for this episode link', 576305, 8898)",No multiple ids for this episode link,,,,,
Hulu,15682,575252,60318281,SE,,Coppelion,(Sub) Angel,2013,False,[],,,,"('No multiple ids for this episode link', 575252, 15682)",No multiple ids for this episode link,,,,,
Hulu,13891,581103,60318237,SE,,Dragon Ball,(Sub) Mystery of the Dark World,2001,False,[],,,,"('No multiple ids for this episode link', 581103, 13891)",No multiple ids for this episode link,,,,,
Hulu,16086,575229,60317536,SE,,Beyond the Boundary,(Sub) Gray World,2013,False,[],,,,"('No multiple ids for this episode link', 575229, 16086)",No multiple ids for this episode link,,,,,
Hulu,11967,572998,60315338,SE,,T.U.F.F. Puppy,Close Encounters of the Doomed Kind/Golden Retriever,2012,False,[],,,,"('No multiple ids for this episode link', 572998, 11967)",No multiple ids for this episode link,,,,,
Hulu,6979,572926,60314947,SE,,South Park,The Hobbit,1997,False,[],,,,"('No multiple ids for this episode link', 572926, 6979)",No multiple ids for this episode link,,,,,
Hulu,7421,572877,60314808,SE,,Awkward.,Who I Want to Be,2011,False,[],,,,"('No multiple ids for this episode link', 572877, 7421)",No multiple ids for this episode link,,,,,
Hulu,15643,572463,60314772,SE,,Witches of East End,"Oh, What a World!",2013,False,[],,,,"('No multiple ids for this episode link', 572463, 15643)",No multiple ids for this episode link,,,,,
Hulu,12904,572308,60314622,SE,,Behind the Mask,Goodbye for Now,2013,False,[],,,,"('No multiple ids for this episode link', 572308, 12904)",No multiple ids for this episode link,,,,,
Hulu,16871,580303,60314576,SE,,The Next Step,Everybody Dance Now,2013,False,[],,,,"('No multiple ids for this episode link', 580303, 16871)",No multiple ids for this episode link,,,,,
Hulu,11412,584327,60312331,SE,,Fresh Meat,Episode 5,2011,False,[],,,,"('No multiple ids for this episode link', 584327, 11412)",No multiple ids for this episode link,,,,,
Hulu,8095,576863,60310391,SE,,Guilty Crown,(Dub) Prey (Predation),2011,False,[],,,,"('No multiple ids for this episode link', 576863, 8095)",No multiple ids for this episode link,,,,,
Hulu,11946,568877,60310071,SE,,Kung Fu Panda: Legends of Awesomeness,Bride of Po,2012,False,[],,,,"('No multiple ids for this episode link', 568877, 11946)",No multiple ids for this episode link,,,,,
Hulu,6909,568660,60309589,SE,,Misfits,Eight,2009,False,[],,,,"('No multiple ids for this episode link', 568660, 6909)",No multiple ids for this episode link,,,,,
Hulu,14827,567975,60309575,SE,,Axe Cop,Taxi Cop,2013,False,[],,,,"('No multiple ids for this episode link', 567975, 14827)",No multiple ids for this episode link,,,,,
Hulu,8803,569001,60308467,SE,,Outnumbered,The Sick Party,2007,False,[],,,,"('No multiple ids for this episode link', 569001, 8803)",No multiple ids for this episode link,,,,,
Hulu,16652,571833,60308295,SE,,Psychic Detective Yakumo,(Sub) That Which Connects to Spirits ~Rebirth~,2010,False,[],,,,"('No multiple ids for this episode link', 571833, 16652)",No multiple ids for this episode link,,,,,
Hulu,16744,575059,60308268,SE,,Place to Place,(Sub) Bear Encounter ~ Lovelymas,2012,False,[],,,,"('No multiple ids for this episode link', 575059, 16744)",No multiple ids for this episode link,,,,,
Hulu,9196,577054,60308144,SE,,High School DxD,(Dub) I'm Here to Keep My Promise!,2012,False,[],,,,"('No multiple ids for this episode link', 577054, 9196)",No multiple ids for this episode link,,,,,
Hulu,13304,572302,60308123,SE,,The Ultimate Fighter,Finale,2013,False,[],,,,"('No multiple ids for this episode link', 572302, 13304)",No multiple ids for this episode link,,,,,
Hulu,1322,565762,60306542,SE,,The Real Housewives of Atlanta,Save the Drama for Mama,2008,False,[],,,,"('No multiple ids for this episode link', 565762, 1322)",No multiple ids for this episode link,,,,,
Hulu,14828,565491,60306500,SE,,High School USA!,Sweet 16,2013,False,[],,,,"('No multiple ids for this episode link', 565491, 14828)",No multiple ids for this episode link,,,,,
Hulu,16649,571758,60304843,SE,,The Baby-Sitters Club (TV),The Babysitters Remember,1990,False,[],,,,"('No multiple ids for this episode link', 571758, 16649)",No multiple ids for this episode link,,,,,
Hulu,11908,572268,60301006,SE,,K,(Dub) Knell,2012,False,[],,,,"('No multiple ids for this episode link', 572268, 11908)",No multiple ids for this episode link,,,,,
Hulu,9873,565501,60300886,SE,,Accel World,(Dub) Transformation,2012,False,[],,,,"('No multiple ids for this episode link', 565501, 9873)",No multiple ids for this episode link,,,,,
Hulu,9814,566475,60300863,SE,,Zetman,(Dub) Untaught Emotions,2012,False,[],,,,"('No multiple ids for this episode link', 566475, 9814)",No multiple ids for this episode link,,,,,
Hulu,15985,566771,60300115,SE,,Packed to the Rafters,Rewriting History,2008,False,[],,,,"('No multiple ids for this episode link', 566771, 15985)",No multiple ids for this episode link,,,,,
Hulu,1349,562031,60299045,SE,,Sesame Street,Elmo Finds a Baby Bird,1969,False,[],,,,"('No multiple ids for this episode link', 562031, 1349)",No multiple ids for this episode link,,,,,
Hulu,16275,559271,60298272,SE,,Saiyuki,(Dub) Absolutely Heaven / Door to Freedom,2000,False,[],,,,"('No multiple ids for this episode link', 559271, 16275)",No multiple ids for this episode link,,,,,
Hulu,15533,556619,60296602,SE,,MasterChef Junior,"Finale, Part 2",2013,False,[],,,,"('No multiple ids for this episode link', 556619, 15533)",No multiple ids for this episode link,,,,,
Hulu,12903,556660,60293486,SE,,The Wrong Mans,Running Mans,2013,False,[],,,,"('No multiple ids for this episode link', 556660, 12903)",No multiple ids for this episode link,,,,,
Hulu,16340,563090,60291917,SE,,Getting On (2009),Episode 6,2009,False,[],,,,"('No multiple ids for this episode link', 563090, 16340)",No multiple ids for this episode link,,,,,
Hulu,16129,554461,60290408,SE,,UFC Presents,Forrest Griffin: The Ultimate Fighter,2013,False,[],,,,"('No multiple ids for this episode link', 554461, 16129)",No multiple ids for this episode link,,,,,
Hulu,13881,554308,60290308,SE,,Criminal Justice,Episode 5,2009,False,[],,,,"('No multiple ids for this episode link', 554308, 13881)",No multiple ids for this episode link,,,,,
Hulu,16224,556576,60289324,SE,,Paradox,Episode 3,2009,False,[],,,,"('No multiple ids for this episode link', 556576, 16224)",No multiple ids for this episode link,,,,,
Hulu,16208,556579,60288538,SE,,Scott & Bailey,Episode 6,2011,False,[],,,,"('No multiple ids for this episode link', 556579, 16208)",No multiple ids for this episode link,,,,,
Hulu,12690,553947,60287495,SE,,Cardfight!! Vanguard,(Dub) Awakening of the Twin Blades,2011,False,[],,,,"('No multiple ids for this episode link', 553947, 12690)",No multiple ids for this episode link,,,,,
Hulu,15075,549920,60287388,SE,,WataMote,"(Sub) Since I'm Not Popular, I'll Think About the Future",2013,False,[],,,,"('No multiple ids for this episode link', 549920, 15075)",No multiple ids for this episode link,,,,,
Hulu,13918,556334,60287178,SE,,Upstairs Downstairs,The Love That Pays the Price,2011,False,[],,,,"('No multiple ids for this episode link', 556334, 13918)",No multiple ids for this episode link,,,,,
Hulu,16127,554440,60286300,SE,,Tokyo Magnitude 8.0,(Sub) Dear Yuuki...,2009,False,[],,,,"('No multiple ids for this episode link', 554440, 16127)",No multiple ids for this episode link,,,,,
Hulu,16320,561405,60286275,SE,,Fate / Stay Night,(Sub) The Twelve Trials,2005,False,[],,,,"('No multiple ids for this episode link', 561405, 16320)",No multiple ids for this episode link,,,,,
Hulu,16472,566293,60285502,SE,,Wallander (2005),The Secret,2005,False,[],,,,"('No multiple ids for this episode link', 566293, 16472)",No multiple ids for this episode link,,,,,
Hulu,5216,555934,60282537,SE,,Little Britain,Special: Little Britain Down Under,2003,False,[],,,,"('No multiple ids for this episode link', 555934, 5216)",No multiple ids for this episode link,,,,,
Hulu,13700,572221,60280812,SE,,New Tricks,Old School Ties,2006,False,[],,,,"('No multiple ids for this episode link', 572221, 13700)",No multiple ids for this episode link,,,,,
Hulu,16829,578498,60280797,SE,,The Secret of Crickley Hall,Episode 2,2012,False,[],,,,"('No multiple ids for this episode link', 578498, 16829)",No multiple ids for this episode link,,,,,
Hulu,13878,550235,60280793,SE,,Bedlam,Pool of Tears,2011,False,[],,,,"('No multiple ids for this episode link', 550235, 13878)",No multiple ids for this episode link,,,,,
Hulu,16361,562472,60280712,SE,,Oliver Twist (2007),Episode 1,2007,False,[],,,,"('No multiple ids for this episode link', 562472, 16361)",No multiple ids for this episode link,,,,,
Hulu,16424,564449,60280681,SE,,Daniel Deronda,Episode 2,2002,False,[],,,,"('No multiple ids for this episode link', 564449, 16424)",No multiple ids for this episode link,,,,,
Hulu,13614,556560,60280647,SE,,Emma (2009),Episode 2,2009,False,[],,,,"('No multiple ids for this episode link', 556560, 13614)",No multiple ids for this episode link,,,,,
Hulu,16622,571004,60280594,SE,,Sense and Sensibility (2008),Episode 2,2008,False,[],,,,"('No multiple ids for this episode link', 571004, 16622)",No multiple ids for this episode link,,,,,
Hulu,14176,542107,60276323,SE,,Attack on Titan,"(Sub) The Wall/Stohess District Raid, Part 3",2013,False,[],,,,"('No multiple ids for this episode link', 542107, 14176)",No multiple ids for this episode link,,,,,
Hulu,15759,542481,60273410,SE,,Offspring,Episode13,2010,False,[],,,,"('No multiple ids for this episode link', 542481, 15759)",No multiple ids for this episode link,,,,,
Hulu,11641,539063,60273347,SE,,A Certain Scientific Railgun,(Sub) Eternal Party,2009,False,[],,,,"('No multiple ids for this episode link', 539063, 11641)",No multiple ids for this episode link,,,,,
Hulu,13892,539114,60273294,SE,,The Bridge,The Crazy Place,2013,False,[],,,,"('No multiple ids for this episode link', 539114, 13892)",No multiple ids for this episode link,,,,,
Hulu,14787,538585,60272928,SE,,Danganronpa: The Animation,"(Sub) Goodbye, Despair High School",2013,False,[],,,,"('No multiple ids for this episode link', 538585, 14787)",No multiple ids for this episode link,,,,,
Hulu,2006,539048,60272821,SE,,The Real Housewives of New Jersey,"Salon, Farewell",2009,False,[],,,,"('No multiple ids for this episode link', 539048, 2006)",No multiple ids for this episode link,,,,,
Hulu,14659,539268,60272171,SE,,Aquarion EVOL,(Sub) Kiss,2012,False,[],,,,"('No multiple ids for this episode link', 539268, 14659)",No multiple ids for this episode link,,,,,
Hulu,12901,537107,60270871,SE,,The Awesomes,"The Super-Hero Awards, Part 2",2013,False,[],,,,"('No multiple ids for this episode link', 537107, 12901)",No multiple ids for this episode link,,,,,
Hulu,14455,536183,60269602,SE,,Devious Maids,Totally Clean,2013,False,[],,,,"('No multiple ids for this episode link', 536183, 14455)",No multiple ids for this episode link,,,,,
Hulu,13217,545839,60268810,SE,,UFC Unleashed,"GSP, BJ Penn, and Josh Koscheck",2005,False,[],,,,"('No multiple ids for this episode link', 545839, 13217)",No multiple ids for this episode link,,,,,
Hulu,14791,534361,60267624,SE,,Brothers Conflict,(Sub) Romance,2013,False,[],,,,"('No multiple ids for this episode link', 534361, 14791)",No multiple ids for this episode link,,,,,
Hulu,14146,532261,60265216,SE,,Graceland,Pawn,2013,False,[],,,,"('No multiple ids for this episode link', 532261, 14146)",No multiple ids for this episode link,,,,,
Hulu,105,532218,60265183,SE,,Burn Notice,Reckoning,2007,False,[],,,,"('No multiple ids for this episode link', 532218, 105)",No multiple ids for this episode link,,,,,
Hulu,4726,531937,60264921,SE,,MasterChef,Winner Chosen,2010,False,[],,,,"('No multiple ids for this episode link', 531937, 4726)",No multiple ids for this episode link,,,,,
Hulu,11266,530881,60263507,SE,,Mistresses,I Choose You,2013,False,[],,,,"('No multiple ids for this episode link', 530881, 11266)",No multiple ids for this episode link,,,,,
Hulu,13973,530990,60263496,SE,,Quick Draw,Railroad Spur,2013,False,[],,,,"('No multiple ids for this episode link', 530990, 13973)",No multiple ids for this episode link,,,,,
Hulu,11756,531815,60262821,SE,,Tenchi Muyo! War on Geminar,(Dub) Vacation,2009,False,[],,,,"('No multiple ids for this episode link', 531815, 11756)",No multiple ids for this episode link,,,,,
Hulu,14703,530251,60262596,SE,,Blood Lad,(Sub) The Dark Hero Rises,2013,False,[],,,,"('No multiple ids for this episode link', 530251, 14703)",No multiple ids for this episode link,,,,,
Hulu,13680,530289,60261138,SE,,Moone Boy,Boyle Boyle Boyle,2012,False,[],,,,"('No multiple ids for this episode link', 530289, 13680)",No multiple ids for this episode link,,,,,
Hulu,108,528423,60260843,SE,,The Real Housewives of Orange County,Secrets Revealed,2006,False,[],,,,"('No multiple ids for this episode link', 528423, 108)",No multiple ids for this episode link,,,,,
Hulu,14658,527366,60259380,SE,,Drunk History,Wild West,2013,False,[],,,,"('No multiple ids for this episode link', 527366, 14658)",No multiple ids for this episode link,,,,,
Hulu,2163,526054,60257307,SE,,Intervention,Richard K.,2005,False,[],,,,"('No multiple ids for this episode link', 526054, 2163)",No multiple ids for this episode link,,,,,
Hulu,14198,524014,60255626,SE,,Miranda (TV),The Perfect Christmas,2009,False,[],,,,"('No multiple ids for this episode link', 524014, 14198)",No multiple ids for this episode link,,,,,
Hulu,15262,525918,60252925,SE,,K-On!!,Plan!,2010,False,[],,,,"('No multiple ids for this episode link', 525918, 15262)",No multiple ids for this episode link,,,,,
Hulu,15364,528462,60252836,SE,,Mayo Chiki,(Sub) Please Fondle It!,2012,False,[],,,,"('No multiple ids for this episode link', 528462, 15364)",No multiple ids for this episode link,,,,,
Hulu,15204,525318,60252220,SE,,Clannad After Story,(Sub) Under the Green Tree,2009,False,[],,,,"('No multiple ids for this episode link', 525318, 15204)",No multiple ids for this episode link,,,,,
Hulu,15102,521950,60252183,SE,,Clannad,(Sub) Another World: Tomoyo Chapter,2009,False,[],,,,"('No multiple ids for this episode link', 521950, 15102)",No multiple ids for this episode link,,,,,
Hulu,15740,541027,60252136,SE,,Daisy of Love,Leied and Neutered,2009,False,[],,,,"('No multiple ids for this episode link', 541027, 15740)",No multiple ids for this episode link,,,,,
Hulu,14304,520033,60250476,SE,,Uta no Prince Sama,(Sub) Maji LOVE 2000%,2013,False,[],,,,"('No multiple ids for this episode link', 520033, 14304)",No multiple ids for this episode link,,,,,
Hulu,14949,524037,60249655,SE,,The Strange Calls,Roots,2012,False,[],,,,"('No multiple ids for this episode link', 524037, 14949)",No multiple ids for this episode link,,,,,
Hulu,14290,518358,60248407,SE,,My Teen Romantic Comedy SNAFU,"(Sub) And So, Their Festival Will Never End",2013,False,[],,,,"('No multiple ids for this episode link', 518358, 14290)",No multiple ids for this episode link,,,,,
Hulu,15045,519654,60248263,SE,,Elfen Lied,(Sub) Erleuchtung: No Return,2009,False,[],,,,"('No multiple ids for this episode link', 519654, 15045)",No multiple ids for this episode link,,,,,
Hulu,15157,523405,60248185,SE,,To Love Ru Darkness,(Sub) Room,2012,False,[],,,,"('No multiple ids for this episode link', 523405, 15157)",No multiple ids for this episode link,,,,,
Hulu,15156,523408,60248154,SE,,"Love, Chunibyo and Other Delusions",(Sub) Eternal Engage,2012,False,[],,,,"('No multiple ids for this episode link', 523408, 15156)",No multiple ids for this episode link,,,,,
Hulu,11958,515843,60245193,SE,,Big Time Rush,Big Time Dreams,2012,False,[],,,,"('No multiple ids for this episode link', 515843, 11958)",No multiple ids for this episode link,,,,,
Hulu,57,513990,60243932,SE,,Kitchen Nightmares,Dillon's,2007,False,[],,,,"('No multiple ids for this episode link', 513990, 57)",No multiple ids for this episode link,,,,,
Hulu,14266,513946,60243816,SE,,Oreimo 2,(Sub) Little Sisters Can't Fall in Love With Their Older Brothers!,2013,False,[],,,,"('No multiple ids for this episode link', 513946, 14266)",No multiple ids for this episode link,,,,,
Hulu,14862,514464,60241917,SE,,Run (2013),Katrina,2013,False,[],,,,"('No multiple ids for this episode link', 514464, 14862)",No multiple ids for this episode link,,,,,
Hulu,13291,510409,60239321,SE,,Threesome,Episode 11,2011,False,[],,,,"('No multiple ids for this episode link', 510409, 13291)",No multiple ids for this episode link,,,,,
Hulu,10068,510411,60239309,SE,,Behind the Bar,Episode 6,2011,False,[],,,,"('No multiple ids for this episode link', 510411, 10068)",No multiple ids for this episode link,,,,,
Hulu,11997,510399,60237980,SE,,Heartland,Passages,2007,False,[],,,,"('No multiple ids for this episode link', 510399, 11997)",No multiple ids for this episode link,,,,,
Hulu,14027,508075,60237150,SE,,Inside Amy Schumer,Sex Tips,2013,False,[],,,,"('No multiple ids for this episode link', 508075, 14027)",No multiple ids for this episode link,,,,,
Hulu,5049,508968,60236709,SE,,Shakugan no Shana,(Dub) Opening from the Ending,2005,False,[],,,,"('No multiple ids for this episode link', 508968, 5049)",No multiple ids for this episode link,,,,,
Hulu,13843,506193,60235050,SE,,The Devil is a Part-Timer!,(Sub) The Devil and the Hero Do Some Honest Hard Work,2013,False,[],,,,"('No multiple ids for this episode link', 506193, 13843)",No multiple ids for this episode link,,,,,
Hulu,3423,505730,60234566,SE,,Gurren Lagann,(Sub) The Lights in the Sky Are Stars,2008,False,[],,,,"('No multiple ids for this episode link', 505730, 3423)",No multiple ids for this episode link,,,,,
Hulu,14723,508999,60233710,SE,,Stephen Fry in America,Pacific,2008,False,[],,,,"('No multiple ids for this episode link', 508999, 14723)",No multiple ids for this episode link,,,,,
Hulu,13951,503724,60232303,SE,,Date A Live,(Sub) That Which Cannot Be Forgiven,2013,False,[],,,,"('No multiple ids for this episode link', 503724, 13951)",No multiple ids for this episode link,,,,,
Hulu,15094,521518,60231728,SE,,The Good Wife,A More Perfect Union,2009,False,[],,,,"('No multiple ids for this episode link', 521518, 15094)",No multiple ids for this episode link,,,,,
Hulu,14518,513490,60230684,SE,,Murdoch Mysteries,The Murdoch Trap,2008,False,[],,,,"('No multiple ids for this episode link', 513490, 14518)",No multiple ids for this episode link,,,,,
Hulu,10270,502630,60230093,SE,,Shameless (UK),Episode 14,2004,False,[],,,,"('No multiple ids for this episode link', 502630, 10270)",No multiple ids for this episode link,,,,,
Hulu,1952,500280,60227829,SE,,Dog Whisperer,Britney Dawg and Boo,2004,False,[],,,,"('No multiple ids for this episode link', 500280, 1952)",No multiple ids for this episode link,,,,,
Hulu,2411,496429,60223368,SE,,The Secret Life of the American Teenager,Thank You and Goodbye,2008,False,[],,,,"('No multiple ids for this episode link', 496429, 2411)",No multiple ids for this episode link,,,,,
Hulu,14682,507063,60223136,SE,,Whose Line is it Anyway? (UK),Episode 17,1988,False,[],,,,"('No multiple ids for this episode link', 507063, 14682)",No multiple ids for this episode link,,,,,
Hulu,6026,493392,60220067,SE,,Body of Proof,Daddy Issues,2011,False,[],,,,"('No multiple ids for this episode link', 493392, 6026)",No multiple ids for this episode link,,,,,
Hulu,2295,491744,60218287,SE,,The Cleveland Show,Wheel! of! Family,2009,False,[],,,,"('No multiple ids for this episode link', 491744, 2295)",No multiple ids for this episode link,,,,,
Hulu,14429,495974,60218095,SE,,Primeval: New World,"The Sound of Thunder, Pt. 2",2013,False,[],,,,"('No multiple ids for this episode link', 495974, 14429)",No multiple ids for this episode link,,,,,
Hulu,9676,491161,60217612,SE,,Don't Trust the B---- in Apt 23,The D,2012,False,[],,,,"('No multiple ids for this episode link', 491161, 9676)",No multiple ids for this episode link,,,,,
Hulu,14273,488776,60214824,SE,,Brave 10,(Sub) The Warrior of Light,2012,False,[],,,,"('No multiple ids for this episode link', 488776, 14273)",No multiple ids for this episode link,,,,,
Hulu,12131,490021,60214784,SE,,Kaleido Star,(Sub) The Amazing Princess Without a Smile,2004,False,[],,,,"('No multiple ids for this episode link', 490021, 12131)",No multiple ids for this episode link,,,,,
Hulu,8902,487129,60213274,SE,,Touch,Leviathan,2012,False,[],,,,"('No multiple ids for this episode link', 487129, 8902)",No multiple ids for this episode link,,,,,
Hulu,14114,488529,60212915,SE,,East Los High,Build a Future Worthy of You,2013,False,[],,,,"('No multiple ids for this episode link', 488529, 14114)",No multiple ids for this episode link,,,,,
Hulu,6375,486091,60212003,SE,,Happy Endings,Brothas & Sisters,2011,False,[],,,,"('No multiple ids for this episode link', 486091, 6375)",No multiple ids for this episode link,,,,,
Hulu,3603,485732,60211315,SE,,Rock of Love,Rock of Love Girls: Where Are They Now,2007,False,[],,,,"('No multiple ids for this episode link', 485732, 3603)",No multiple ids for this episode link,,,,,
Hulu,12568,485128,60210236,SE,,Girls und Panzer,(Sub) The Battle We Can't Back Down From!,2012,False,[],,,,"('No multiple ids for this episode link', 485128, 12568)",No multiple ids for this episode link,,,,,
Hulu,13676,485032,60209594,SE,,City Homicide,A Green Light,2007,False,[],,,,"('No multiple ids for this episode link', 485032, 13676)",No multiple ids for this episode link,,,,,
Hulu,10498,566927,60209230,SE,,Top Gear USA,America's Worst Cars,2010,False,[],,,,"('No multiple ids for this episode link', 566927, 10498)",No multiple ids for this episode link,,,,,
Hulu,12846,482861,60208597,SE,,Blast of Tempest,"(Sub) To Each, Their Own Tale",2012,False,[],,,,"('No multiple ids for this episode link', 482861, 12846)",No multiple ids for this episode link,,,,,
Hulu,183,482748,60208547,SE,,Project Runway,"Finale, Part 2",2005,False,[],,,,"('No multiple ids for this episode link', 482748, 183)",No multiple ids for this episode link,,,,,
Hulu,13353,482473,60208196,SE,,Oreshura,(Sub) A Battlefield That Leads to a New World,2013,False,[],,,,"('No multiple ids for this episode link', 482473, 13353)",No multiple ids for this episode link,,,,,
Hulu,13597,482693,60207995,SE,,Nathan for You,Private Investigator / Taxi Company,2013,False,[],,,,"('No multiple ids for this episode link', 482693, 13597)",No multiple ids for this episode link,,,,,
Hulu,6287,481720,60206866,SE,,Tiger & Bunny,(Dub) Confidence Is a Plant of Slow Growth.,2011,False,[],,,,"('No multiple ids for this episode link', 481720, 6287)",No multiple ids for this episode link,,,,,
Hulu,10119,480364,60205974,SE,,Monster Rancher,(Dub) Tiger's Battle With Destiny,1999,False,[],,,,"('No multiple ids for this episode link', 480364, 10119)",No multiple ids for this episode link,,,,,
Hulu,14016,480398,60205908,SE,,Because of an Earlier Incident,Episode 3,2012,False,[],,,,"('No multiple ids for this episode link', 480398, 14016)",No multiple ids for this episode link,,,,,
Hulu,11951,480043,60205539,SE,,The Penguins of Madagascar,Night and Dazed/The Big Squeeze,2008,False,[],,,,"('No multiple ids for this episode link', 480043, 11951)",No multiple ids for this episode link,,,,,
Hulu,5004,476606,60202232,SE,,The Real Housewives of Beverly Hills,Secrets Revealed,2010,False,[],,,,"('No multiple ids for this episode link', 476606, 5004)",No multiple ids for this episode link,,,,,
Hulu,12676,478322,60202182,SE,,Motto To Love Ru,"(Sub) I Love You Parts 1, 2 and 3",2012,False,[],,,,"('No multiple ids for this episode link', 478322, 12676)",No multiple ids for this episode link,,,,,
Hulu,9979,476494,60202062,SE,,Naruto Spin-Off: Rock Lee & His Ninja Pals,(Sub) The Final Battle / Our Final Mission Is S-Ranked!,2012,False,[],,,,"('No multiple ids for this episode link', 476494, 9979)",No multiple ids for this episode link,,,,,
Hulu,8883,474209,60199856,SE,,Haganai,(Sub) I ______ Many Friends,2011,False,[],,,,"('No multiple ids for this episode link', 474209, 8883)",No multiple ids for this episode link,,,,,
Hulu,15799,474178,60199739,SE,,Magi,(Sub) Alibaba and Aladdin,2013,False,[],,,,"('No multiple ids for this episode link', 474178, 15799)",No multiple ids for this episode link,,,,,
Hulu,11057,484290,60194815,SE,,Primeval,Episode 6,2007,False,[],,,,"('No multiple ids for this episode link', 484290, 11057)",No multiple ids for this episode link,,,,,
Hulu,14127,497938,60194771,SE,,Lark Rise to Candleford,Episode 6,2008,False,[],,,,"('No multiple ids for this episode link', 497938, 14127)",No multiple ids for this episode link,,,,,
Hulu,10048,480177,60194689,SE,,Bleak House,Episode 2,2005,False,[],,,,"('No multiple ids for this episode link', 480177, 10048)",No multiple ids for this episode link,,,,,
Hulu,13874,476338,60194681,SE,,Blackadder,Goodbyeee,1983,False,[],,,,"('No multiple ids for this episode link', 476338, 13874)",No multiple ids for this episode link,,,,,
Hulu,14124,488238,60194656,SE,,A Bit of Fry and Laurie,Episode 7,1989,False,[],,,,"('No multiple ids for this episode link', 488238, 14124)",No multiple ids for this episode link,,,,,
Hulu,9161,483426,60194630,SE,,Absolutely Fabulous,Olympics,1992,False,[],,,,"('No multiple ids for this episode link', 483426, 9161)",No multiple ids for this episode link,,,,,
Hulu,10875,474368,60194264,SE,,Prisoners of War,Prisoners of War,2010,False,[],,,,"('No multiple ids for this episode link', 474368, 10875)",No multiple ids for this episode link,,,,,
Hulu,2467,468953,60193754,SE,,Rick Steves' Europe,European Travel Skills: Part III,2001,False,[],,,,"('No multiple ids for this episode link', 468953, 2467)",No multiple ids for this episode link,,,,,
Hulu,14096,483579,60192732,SE,,Robin Hood,"Something Worth Fighting For, Part 2",2006,False,[],,,,"('No multiple ids for this episode link', 483579, 14096)",No multiple ids for this episode link,,,,,
Hulu,14129,484296,60192400,SE,,The Fades,Episode 6,2011,False,[],,,,"('No multiple ids for this episode link', 484296, 14129)",No multiple ids for this episode link,,,,,
Hulu,12029,492650,60192373,SE,,Whitechapel,Episode 6,2009,False,[],,,,"('No multiple ids for this episode link', 492650, 12029)",No multiple ids for this episode link,,,,,
Hulu,9170,484179,60192158,SE,,MI-5,Episode 5,2002,False,[],,,,"('No multiple ids for this episode link', 484179, 9170)",No multiple ids for this episode link,,,,,
Hulu,10641,496781,60191580,SE,,Amagami SS,(Sub) Little Sister,2011,False,[],,,,"('No multiple ids for this episode link', 496781, 10641)",No multiple ids for this episode link,,,,,
Hulu,11709,466106,60189873,SE,,Maid-sama,(Sub) Too-Cruel Ayuzawa and Usui the Idiot!,2010,False,[],,,,"('No multiple ids for this episode link', 466106, 11709)",No multiple ids for this episode link,,,,,
Hulu,12899,466315,60185655,SE,,Braquo,4 Minus 1,2009,False,[],,,,"('No multiple ids for this episode link', 466315, 12899)",No multiple ids for this episode link,,,,,
Hulu,12666,461359,60185619,SE,,Catfish: The TV Show,The Reunion Show,2012,False,[],,,,"('No multiple ids for this episode link', 461359, 12666)",No multiple ids for this episode link,,,,,
Hulu,12677,461818,60185197,SE,,To Love Ru,(Sub) Lala,2008,False,[],,,,"('No multiple ids for this episode link', 461818, 12677)",No multiple ids for this episode link,,,,,
Hulu,8369,464089,60184845,SE,,Samurai Harem,(Sub) Yoichi Fights On!,2009,False,[],,,,"('No multiple ids for this episode link', 464089, 8369)",No multiple ids for this episode link,,,,,
Hulu,10548,460413,60184772,SE,,Bunheads,Next!,2012,False,[],,,,"('No multiple ids for this episode link', 460413, 10548)",No multiple ids for this episode link,,,,,
Hulu,11125,460204,60184624,SE,,Kingdom (2012),(Sub) Succession,2012,False,[],,,,"('No multiple ids for this episode link', 460204, 11125)",No multiple ids for this episode link,,,,,
Hulu,11352,460190,60184118,SE,,Hellsing,(Dub) Hellfire,2001,False,[],,,,"('No multiple ids for this episode link', 460190, 11352)",No multiple ids for this episode link,,,,,
Hulu,3964,458240,60181250,SE,,Tokyo Majin,(Sub) Thank You,2007,False,[],,,,"('No multiple ids for this episode link', 458240, 3964)",No multiple ids for this episode link,,,,,
Hulu,10507,460378,60181075,SE,,Here's Lucy,Lucy and Harry's Memoirs,1968,False,[],,,,"('No multiple ids for this episode link', 460378, 10507)",No multiple ids for this episode link,,,,,
Hulu,11876,456482,60179725,SE,,Sword Art Online,(Sub) The World Seed,2012,False,[],,,,"('No multiple ids for this episode link', 456482, 11876)",No multiple ids for this episode link,,,,,
Hulu,13469,462442,60178163,SE,,Dennis the Menace (1959),Aunt Emma Visits the Wilsons,1959,False,[],,,,"('No multiple ids for this episode link', 462442, 13469)",No multiple ids for this episode link,,,,,
Hulu,44,452283,60175449,SE,,30 Rock,Hogcock!/Last Lunch,2006,False,[],,,,"('No multiple ids for this episode link', 452283, 44)",No multiple ids for this episode link,,,,,
Hulu,4979,453670,60174833,SE,,Yu-Gi-Oh! 5D's,(Sub) Demon of Despair! Meklord Astro Mekanikle,2008,False,[],,,,"('No multiple ids for this episode link', 453670, 4979)",No multiple ids for this episode link,,,,,
Hulu,12632,451425,60174375,SE,,"Say ""I Love You""","(Sub) Say ""I Love You""",2012,False,[],,,,"('No multiple ids for this episode link', 451425, 12632)",No multiple ids for this episode link,,,,,
Hulu,13590,465070,60173845,SE,,The Lucy Show,Lucy Meets Sheldon Leonard,1967,False,[],,,,"('No multiple ids for this episode link', 465070, 13590)",No multiple ids for this episode link,,,,,
Hulu,12702,450409,60173625,SE,,Hot Gay Comics,Episode 8,2008,False,[],,,,"('No multiple ids for this episode link', 450409, 12702)",No multiple ids for this episode link,,,,,
Hulu,2313,448427,60171747,SE,,Private Practice,In Which We Say Goodbye,2007,False,[],,,,"('No multiple ids for this episode link', 448427, 2313)",No multiple ids for this episode link,,,,,
Hulu,12524,447985,60170328,SE,,BTOOOM!,(Sub) Bonds,2012,False,[],,,,"('No multiple ids for this episode link', 447985, 12524)",No multiple ids for this episode link,,,,,
Hulu,13288,452729,60170183,SE,,Broken Blade,(Sub) Fortress of Lamentation,2010,False,[],,,,"('No multiple ids for this episode link', 452729, 13288)",No multiple ids for this episode link,,,,,
Hulu,12102,439736,60164262,SE,,Code: Breaker,(Sub) A Flower Blooming With God,2012,False,[],,,,"('No multiple ids for this episode link', 439736, 12102)",No multiple ids for this episode link,,,,,
Hulu,10271,439007,60163519,SE,,Jormungand,(Sub) Century of Shame,2012,False,[],,,,"('No multiple ids for this episode link', 439007, 10271)",No multiple ids for this episode link,,,,,
Hulu,8201,439304,60160435,SE,,Spy (2011),Codename: Show Stopper,2011,False,[],,,,"('No multiple ids for this episode link', 439304, 8201)",No multiple ids for this episode link,,,,,
Hulu,12642,436793,60160107,SE,,McLeod's Daughters,The Long Paddock,2001,False,[],,,,"('No multiple ids for this episode link', 436793, 12642)",No multiple ids for this episode link,,,,,
Hulu,150,446091,60159054,SE,,Keeping Up With the Kardashians,Delivery Baby Mason,2007,False,[],,,,"('No multiple ids for this episode link', 446091, 150)",No multiple ids for this episode link,,,,,
Hulu,12821,438050,60157895,SE,,I Love Lucy,Lucy's Schedule,1951,False,[],,,,"('No multiple ids for this episode link', 438050, 12821)",No multiple ids for this episode link,,,,,
Hulu,13191,449731,60157716,SE,,Spiral,Episode 8,2005,False,[],,,,"('No multiple ids for this episode link', 449731, 13191)",No multiple ids for this episode link,,,,,
Hulu,2070,434868,60157673,SE,,Peep Show,Quantocking II,2003,False,[],,,,"('No multiple ids for this episode link', 434868, 2070)",No multiple ids for this episode link,,,,,
Hulu,12373,434078,60156712,SE,,Kimi Ni Todoke: From Me to You,(Sub) A Precious Someone,2009,False,[],,,,"('No multiple ids for this episode link', 434078, 12373)",No multiple ids for this episode link,,,,,
Hulu,11642,434074,60156498,SE,,Steins;Gate,(Sub) Achievement Point,2011,False,[],,,,"('No multiple ids for this episode link', 434074, 11642)",No multiple ids for this episode link,,,,,
Hulu,5982,434985,60156118,SE,,Special A,(Sub) Hanazono Hikari~Takishama Kei,2008,False,[],,,,"('No multiple ids for this episode link', 434985, 5982)",No multiple ids for this episode link,,,,,
Hulu,10070,431241,60154139,SE,,Food Fetish,Episode 8,2011,False,[],,,,"('No multiple ids for this episode link', 431241, 10070)",No multiple ids for this episode link,,,,,
Hulu,12865,440848,60153963,SE,,The Twilight Zone,Young Man's Fancy,1959,False,[],,,,"('No multiple ids for this episode link', 440848, 12865)",No multiple ids for this episode link,,,,,
Hulu,12668,431181,60153799,SE,,Star Trek: The Next Generation,Who Watches the Watchers?,1989,False,[],,,,"('No multiple ids for this episode link', 431181, 12668)",No multiple ids for this episode link,,,,,
Hulu,12844,440629,60153618,SE,,Sabrina: The Teenage Witch,You Slay Me,1996,False,[],,,,"('No multiple ids for this episode link', 440629, 12844)",No multiple ids for this episode link,,,,,
Hulu,12866,440948,60153450,SE,,The Game,"White Men Can't Jump, But They're Definitely Packing",2006,False,[],,,,"('No multiple ids for this episode link', 440948, 12866)",No multiple ids for this episode link,,,,,
Hulu,12868,441129,60151918,SE,,Star Trek: Deep Space Nine,You Are Cordially Invited,1995,False,[],,,,"('No multiple ids for this episode link', 441129, 12868)",No multiple ids for this episode link,,,,,
Hulu,12867,441300,60151633,SE,,Frasier,You Scratch My Book...,1993,False,[],,,,"('No multiple ids for this episode link', 441300, 12867)",No multiple ids for this episode link,,,,,
Hulu,12871,441760,60151185,SE,,Star Trek: Voyager,"Year of Hell, Part 1",1997,False,[],,,,"('No multiple ids for this episode link', 441760, 12871)",No multiple ids for this episode link,,,,,
Hulu,11683,428115,60149756,SE,,Bakemonogatari,"(Sub) Tsubasa Cat,  Part 2",2009,False,[],,,,"('No multiple ids for this episode link', 428115, 11683)",No multiple ids for this episode link,,,,,
Hulu,227,442576,60148732,SE,,Medium,Me Without You,2005,False,[],,,,"('No multiple ids for this episode link', 442576, 227)",No multiple ids for this episode link,,,,,
Hulu,7974,437983,60148657,SE,,CSI: Miami,Habeas Corpse,2002,False,[],,,,"('No multiple ids for this episode link', 437983, 7974)",No multiple ids for this episode link,,,,,
Hulu,12727,433180,60141410,SE,,Lost In Austen,Episode 4,2008,False,[],,,,"('No multiple ids for this episode link', 433180, 12727)",No multiple ids for this episode link,,,,,
Hulu,879,428973,60140649,SE,,The Shield,Family Meeting,2002,False,[],,,,"('No multiple ids for this episode link', 428973, 879)",No multiple ids for this episode link,,,,,
Hulu,11207,418516,60139449,SE,,Campione,(Sub) Tale of the God-slayer,2012,False,[],,,,"('No multiple ids for this episode link', 418516, 11207)",No multiple ids for this episode link,,,,,
Hulu,4080,418206,60139077,SE,,Guyver: The Bioboosted Armor,"(Sub) Come Forth, Gigantic!",2005,False,[],,,,"('No multiple ids for this episode link', 418206, 4080)",No multiple ids for this episode link,,,,,
Hulu,11351,418248,60139026,SE,,Black Lagoon,(Sub) The Gunslingers,2006,False,[],,,,"('No multiple ids for this episode link', 418248, 11351)",No multiple ids for this episode link,,,,,
Hulu,6345,415746,60136456,SE,,Wilfred,Secrets,2011,False,[],,,,"('No multiple ids for this episode link', 415746, 6345)",No multiple ids for this episode link,,,,,
Hulu,10938,416197,60136405,SE,,The Thick of It,Episode 7,2005,False,[],,,,"('No multiple ids for this episode link', 416197, 10938)",No multiple ids for this episode link,,,,,
Hulu,9761,408174,60128783,SE,,Gordon Ramsay's The F Word,Episode 9,2005,False,[],,,,"('No multiple ids for this episode link', 408174, 9761)",No multiple ids for this episode link,,,,,
Hulu,11361,404618,60125061,SE,,Aesthetica of a Rogue Hero,(Sub) The World Is Watching You,2012,False,[],,,,"('No multiple ids for this episode link', 404618, 11361)",No multiple ids for this episode link,,,,,
Hulu,11005,399951,60119230,SE,,Up To Speed,The Tour Guide Convention,2012,False,[],,,,"('No multiple ids for this episode link', 399951, 11005)",No multiple ids for this episode link,,,,,
Hulu,11724,404534,60118908,SE,,Felicity,Back to the Future,1998,False,[],,,,"('No multiple ids for this episode link', 404534, 11724)",No multiple ids for this episode link,,,,,
Hulu,10565,397164,60115955,SE,,OUT: Face to Face,Episode 27,2010,False,[],,,,"('No multiple ids for this episode link', 397164, 10565)",No multiple ids for this episode link,,,,,
Hulu,10069,402279,60114592,SE,,She's Living For This,Episode 5,2012,False,[],,,,"('No multiple ids for this episode link', 402279, 10069)",No multiple ids for this episode link,,,,,
Hulu,10094,396158,60114584,SE,,Just Josh,Episode 9,2011,False,[],,,,"('No multiple ids for this episode link', 396158, 10094)",No multiple ids for this episode link,,,,,
Hulu,27,392799,60111442,SE,,The Practice,Happily Ever After,1997,False,[],,,,"('No multiple ids for this episode link', 392799, 27)",No multiple ids for this episode link,,,,,
Hulu,10586,393065,60109972,SE,,Dark Shadows (1966),Episode 290,1967,False,[],,,,"('No multiple ids for this episode link', 393065, 10586)",No multiple ids for this episode link,,,,,
Hulu,10347,390305,60108877,SE,,Spoilers with Kevin Smith,The Bourne Legacy and Gerard Way (Season Finale),2012,False,[],,,,"('No multiple ids for this episode link', 390305, 10347)",No multiple ids for this episode link,,,,,
Hulu,9067,389421,60107626,SE,,Fate/Zero,(Sub) Fate/Zero,2011,False,[],,,,"('No multiple ids for this episode link', 389421, 9067)",No multiple ids for this episode link,,,,,
Hulu,11146,388260,60106899,SE,,Hellsing Ultimate,(Sub) Hellsing I,2006,False,[],,,,"('No multiple ids for this episode link', 388260, 11146)",No multiple ids for this episode link,,,,,
Hulu,10297,384712,60102493,SE,,Saving Hope,Heartsick,2012,False,[],,,,"('No multiple ids for this episode link', 384712, 10297)",No multiple ids for this episode link,,,,,
Hulu,8341,380935,60097317,SE,,Fear Factor,"Leeches, Shaved Heads and Tear Gas, Oh My, Part 2",2011,False,[],,,,"('No multiple ids for this episode link', 380935, 8341)",No multiple ids for this episode link,,,,,
Hulu,8734,390443,60095341,SE,,Numb3rs,Cause and Effect,2005,False,[],,,,"('No multiple ids for this episode link', 390443, 8734)",No multiple ids for this episode link,,,,,
Hulu,8815,376096,60090722,SE,,The Firm (2012),Chapter Twenty,2012,False,[],,,,"('No multiple ids for this episode link', 376096, 8815)",No multiple ids for this episode link,,,,,
Hulu,4837,379107,60088416,SE,,Basilisk,(Sub) Requiem,2005,False,[],,,,"('No multiple ids for this episode link', 379107, 4837)",No multiple ids for this episode link,,,,,
Hulu,8901,373134,60086964,SE,,Is This a Zombie?,"(Sub) Still, That's Okay",2011,False,[],,,,"('No multiple ids for this episode link', 373134, 8901)",No multiple ids for this episode link,,,,,
Hulu,5565,369699,60082533,SE,,Samurai 7,(Sub) The Divide,2006,False,[],,,,"('No multiple ids for this episode link', 369699, 5565)",No multiple ids for this episode link,,,,,
Hulu,10432,366671,60079397,SE,,Familiar of Zero F,(Sub) Zero's Familiar,2012,False,[],,,,"('No multiple ids for this episode link', 366671, 10432)",No multiple ids for this episode link,,,,,
Hulu,3973,366071,60078059,SE,,Air Gear,(Sub) Trick 22,2006,False,[],,,,"('No multiple ids for this episode link', 366071, 3973)",No multiple ids for this episode link,,,,,
Hulu,2646,364962,60077577,SE,,Cougar Town,Your World,2009,False,[],,,,"('No multiple ids for this episode link', 364962, 2646)",No multiple ids for this episode link,,,,,
Hulu,5997,365070,60075012,SE,,Tenchi Muyo GXP,(Sub) Final Engagement,2006,False,[],,,,"('No multiple ids for this episode link', 365070, 5997)",No multiple ids for this episode link,,,,,
Hulu,2259,360866,60072741,SE,,Desperate Housewives,Give Me That Blame,2004,False,[],,,,"('No multiple ids for this episode link', 360866, 2259)",No multiple ids for this episode link,,,,,
Hulu,7356,360687,60072633,SE,,A Day In The Life,?uestlove,2011,False,[],,,,"('No multiple ids for this episode link', 360687, 7356)",No multiple ids for this episode link,,,,,
Hulu,2430,361012,60072242,SE,,Make It or Break It,United Stakes,2009,False,[],,,,"('No multiple ids for this episode link', 361012, 2430)",No multiple ids for this episode link,,,,,
Hulu,10071,360155,60070573,SE,,For & Against,Episode 4,2012,False,[],,,,"('No multiple ids for this episode link', 360155, 10071)",No multiple ids for this episode link,,,,,
Hulu,3896,361158,60070462,SE,,Ergo Proxy,(Sub) Busy Doing Nothing,2006,False,[],,,,"('No multiple ids for this episode link', 361158, 3896)",No multiple ids for this episode link,,,,,
Hulu,8845,358834,60069579,SE,,Battleground,Did You Win?,2012,False,[],,,,"('No multiple ids for this episode link', 358834, 8845)",No multiple ids for this episode link,,,,,
Hulu,2071,372876,60066453,SE,,Doc Martin,Ever After,2004,False,[],,,,"('No multiple ids for this episode link', 372876, 2071)",No multiple ids for this episode link,,,,,
Hulu,9133,353894,60064617,SE,,Puella Magi Madoka Magica,(Sub) My Very Best Friend,2011,False,[],,,,"('No multiple ids for this episode link', 353894, 9133)",No multiple ids for this episode link,,,,,
Hulu,10528,369188,60062542,SE,,The Shirley Temple Collection,The Terrible Clockman,1933,False,[],,,,"('No multiple ids for this episode link', 369188, 10528)",No multiple ids for this episode link,,,,,
Hulu,10527,372939,60062290,SE,,The Little Rascals Classics,Sprucin' up,2007,False,[],,,,"('No multiple ids for this episode link', 372939, 10527)",No multiple ids for this episode link,,,,,
Hulu,10669,372930,60061917,SE,,The Three Stooges Classics,Sing a Song of Six Pants (Color),1947,False,[],,,,"('No multiple ids for this episode link', 372930, 10669)",No multiple ids for this episode link,,,,,
Hulu,30,354395,60057991,SE,,Hill Street Blues,Grin and Bear It,1981,False,[],,,,"('No multiple ids for this episode link', 354395, 30)",No multiple ids for this episode link,,,,,
Hulu,10388,364769,60057888,SE,,Lip Service,Episode 6,2010,False,[],,,,"('No multiple ids for this episode link', 364769, 10388)",No multiple ids for this episode link,,,,,
Hulu,5725,343285,60052501,SE,,Jersey Shore,Reunion,2009,False,[],,,,"('No multiple ids for this episode link', 343285, 5725)",No multiple ids for this episode link,,,,,
Hulu,2023,341557,60050883,SE,,Anyone But Me,We Went Down to Battery Park,2008,False,[],,,,"('No multiple ids for this episode link', 341557, 2023)",No multiple ids for this episode link,,,,,
Hulu,1155,344553,60050227,SE,,Father Knows Best,Shoot for the Moon,1954,False,[],,,,"('No multiple ids for this episode link', 344553, 1155)",No multiple ids for this episode link,,,,,
Hulu,9648,342300,60049264,SE,,Renegade,Paradise Lost,1993,False,[],,,,"('No multiple ids for this episode link', 342300, 9648)",No multiple ids for this episode link,,,,,
Hulu,6616,335647,60038981,SE,,Reborn!,(Sub) Precious Moments in Time,2006,False,[],,,,"('No multiple ids for this episode link', 335647, 6616)",No multiple ids for this episode link,,,,,
Hulu,8449,331811,60034488,SE,,Majikoi Oh! Samurai Girls!,"(Sub) Come Out to Me, Seriously!!",2011,False,[],,,,"('No multiple ids for this episode link', 331811, 8449)",No multiple ids for this episode link,,,,,
Hulu,8735,315051,60019785,SE,,Star Trek: Enterprise,The Expanse,2001,False,[],,,,"('No multiple ids for this episode link', 315051, 8735)",No multiple ids for this episode link,,,,,
Hulu,32,369741,60019515,SE,,St. Elsewhere,The Last One,1982,False,[],,,,"('No multiple ids for this episode link', 369741, 32)",No multiple ids for this episode link,,,,,
Hulu,4621,313527,60018742,SE,,Nura: Rise of the Yokai Clan,(Sub) The Fate of the Demon Capital,2010,False,[],,,,"('No multiple ids for this episode link', 313527, 4621)",No multiple ids for this episode link,,,,,
Hulu,3358,313309,60018414,SE,,The League,The Funeral,2009,False,[],,,,"('No multiple ids for this episode link', 313309, 3358)",No multiple ids for this episode link,,,,,
Hulu,2055,309868,60013644,SE,,Fullmetal Alchemist: Brotherhood,(Dub) Journey's End,2009,False,[],,,,"('No multiple ids for this episode link', 309868, 2055)",No multiple ids for this episode link,,,,,
Hulu,50,256398,50155333,SE,,Friday Night Lights,Always,2006,False,[],,,,"('No multiple ids for this episode link', 256398, 50)",No multiple ids for this episode link,,,,,
Hulu,5669,248977,50155171,SE,,Kenichi,(Sub) Don't Give In! The Words Left by a Loved One!,2006,False,[],,,,"('No multiple ids for this episode link', 248977, 5669)",No multiple ids for this episode link,,,,,
Hulu,6723,248976,50155170,SE,,Gungrave,(Sub) Kind,2003,False,[],,,,"('No multiple ids for this episode link', 248976, 6723)",No multiple ids for this episode link,,,,,
Hulu,6899,248591,50154939,SE,,Rosario + Vampire,(Sub) Sunflowers and a Vampire,2008,False,[],,,,"('No multiple ids for this episode link', 248591, 6899)",No multiple ids for this episode link,,,,,
Hulu,6341,247620,50154223,SE,,Workaholics,In the Line of Getting Fired,2011,False,[],,,,"('No multiple ids for this episode link', 247620, 6341)",No multiple ids for this episode link,,,,,
Hulu,6513,247521,50154221,SE,,Aria: The Scarlet Ammo,(Sub) Durandal,2011,False,[],,,,"('No multiple ids for this episode link', 247521, 6513)",No multiple ids for this episode link,,,,,
Hulu,1473,245665,50152750,SE,,Slayers,(Sub) YES! A Final Hope: The Blessed Blade!,1995,False,[],,,,"('No multiple ids for this episode link', 245665, 1473)",No multiple ids for this episode link,,,,,
Hulu,3558,244533,50151514,SE,,Darker Than Black,(Sub) Ark of Stars,2007,False,[],,,,"('No multiple ids for this episode link', 244533, 3558)",No multiple ids for this episode link,,,,,
Hulu,6385,242356,50149554,SE,,Blue Exorcist,(Sub) A Boy from the Cursed Temple,2011,False,[],,,,"('No multiple ids for this episode link', 242356, 6385)",No multiple ids for this episode link,,,,,
Hulu,1846,241521,50148858,SE,,Big Windup,(Sub) After One Win,2007,False,[],,,,"('No multiple ids for this episode link', 241521, 1846)",No multiple ids for this episode link,,,,,
Hulu,6466,240956,50148297,SE,,Durarara!!,(Sub) Anarchy,2010,False,[],,,,"('No multiple ids for this episode link', 240956, 6466)",No multiple ids for this episode link,,,,,
Hulu,3263,240618,50147689,SE,,Stargate Universe,Gauntlet,2009,False,[],,,,"('No multiple ids for this episode link', 240618, 3263)",No multiple ids for this episode link,,,,,
Hulu,1268,238007,50145534,SE,,Mushi-shi,"(Sub) Eye of Fortune, Eye of Misfortune",2005,False,[],,,,"('No multiple ids for this episode link', 238007, 1268)",No multiple ids for this episode link,,,,,
Hulu,2305,237599,50145208,SE,,Brothers & Sisters,Walker Down the Aisle,2006,False,[],,,,"('No multiple ids for this episode link', 237599, 2305)",No multiple ids for this episode link,,,,,
Hulu,6131,236235,50143861,SE,,NASA 360,"NASA, Archaeology and Paleontology",2010,False,[],,,,"('No multiple ids for this episode link', 236235, 6131)",No multiple ids for this episode link,,,,,
Hulu,6612,240324,50143507,SE,,Mr. Bean,Mr Bean,1990,False,[],,,,"('No multiple ids for this episode link', 240324, 6612)",No multiple ids for this episode link,,,,,
Hulu,3615,233831,50141684,SE,,Being Erica,"Erica, Interrupted",2009,False,[],,,,"('No multiple ids for this episode link', 233831, 3615)",No multiple ids for this episode link,,,,,
Hulu,5094,233413,50141193,SE,,Gun X Sword,(Sub) Fool Comes by Armor,2005,False,[],,,,"('No multiple ids for this episode link', 233413, 5094)",No multiple ids for this episode link,,,,,
Hulu,1472,233404,50141184,SE,,School Rumble,"(Sub) It's So Romantic, Harima! Get Published in Zinegama, Harima! Come On, Harima!",2004,False,[],,,,"('No multiple ids for this episode link', 233404, 1472)",No multiple ids for this episode link,,,,,
Hulu,4830,229500,50137333,SE,,Trigun,(Dub) Hard Puncher,1998,False,[],,,,"('No multiple ids for this episode link', 229500, 4830)",No multiple ids for this episode link,,,,,
Hulu,4156,228903,50136705,SE,,Sonic X,(Sub) The Water Planet Hydo,2003,False,[],,,,"('No multiple ids for this episode link', 228903, 4156)",No multiple ids for this episode link,,,,,
Hulu,5574,227689,50135701,SE,,Chrome Shelled Regios,(Dub) The Conscious City,2009,False,[],,,,"('No multiple ids for this episode link', 227689, 5574)",No multiple ids for this episode link,,,,,
Hulu,4136,227504,50135555,SE,,Initial D,(Dub) A New Threat,1998,False,[],,,,"('No multiple ids for this episode link', 227504, 4136)",No multiple ids for this episode link,,,,,
Hulu,6231,226584,50134329,SE,,Daria,See Jane Run,1997,False,[],,,,"('No multiple ids for this episode link', 226584, 6231)",No multiple ids for this episode link,,,,,
Hulu,5638,225012,50133313,SE,,Yu-Gi-Oh!,"(Dub) The Fiendish Five, Part 2",2001,False,[],,,,"('No multiple ids for this episode link', 225012, 5638)",No multiple ids for this episode link,,,,,
Hulu,4034,223468,50131629,SE,,Black Cat,(Sub) The Cat's Paradise,2008,False,[],,,,"('No multiple ids for this episode link', 223468, 4034)",No multiple ids for this episode link,,,,,
Hulu,6014,223467,50131628,SE,,FLCL,(Sub) Brittle Bullet,2003,False,[],,,,"('No multiple ids for this episode link', 223467, 6014)",No multiple ids for this episode link,,,,,
Hulu,2442,221223,50129141,SE,,Greek,Legacy,2007,False,[],,,,"('No multiple ids for this episode link', 221223, 2442)",No multiple ids for this episode link,,,,,
Hulu,1379,220217,50128065,SE,,Corpse Princess,(Dub) My Mother Was Defiled,2008,False,[],,,,"('No multiple ids for this episode link', 220217, 1379)",No multiple ids for this episode link,,,,,
Hulu,4289,216292,50123454,SE,,Ally McBeal,Home Again,1997,False,[],,,,"('No multiple ids for this episode link', 216292, 4289)",No multiple ids for this episode link,,,,,
Hulu,4347,215472,50122558,SE,,Full Metal Panic!,(Dub) Behemoth Awakening,2002,False,[],,,,"('No multiple ids for this episode link', 215472, 4347)",No multiple ids for this episode link,,,,,
Hulu,5769,214495,50121857,SE,,The Mighty Boosh,The Chokes,2004,False,[],,,,"('No multiple ids for this episode link', 214495, 5769)",No multiple ids for this episode link,,,,,
Hulu,4316,207212,50114066,SE,,Desert Punk,(Sub) Opposites Collide,2004,False,[],,,,"('No multiple ids for this episode link', 207212, 4316)",No multiple ids for this episode link,,,,,
Hulu,5710,211313,50113958,SE,,High School of the Dead,(Sub) Spring of the Dead,2010,False,[],,,,"('No multiple ids for this episode link', 211313, 5710)",No multiple ids for this episode link,,,,,
Hulu,4646,203840,50110754,SE,,Shiki,(Sub) The Final Hunt,2010,False,[],,,,"('No multiple ids for this episode link', 203840, 4646)",No multiple ids for this episode link,,,,,
Hulu,5405,203386,50110157,SE,,Flavor of Love,Family Flavors,2006,False,[],,,,"('No multiple ids for this episode link', 203386, 5405)",No multiple ids for this episode link,,,,,
Hulu,63,202199,50108977,SE,,My Name Is Earl,"South of the Border, Part Uno",2005,False,[],,,,"('No multiple ids for this episode link', 202199, 63)",No multiple ids for this episode link,,,,,
Hulu,5341,201400,50107949,SE,,Yu-Gi-Oh! GX,"(Dub) Turning the Page, Part 2",2004,False,[],,,,"('No multiple ids for this episode link', 201400, 5341)",No multiple ids for this episode link,,,,,
Hulu,35,200947,50107729,SE,,It's Always Sunny in Philadelphia,Dee Gives Birth,2005,False,[],,,,"('No multiple ids for this episode link', 200947, 35)",No multiple ids for this episode link,,,,,
Hulu,3890,200687,50107219,SE,,Spice and Wolf,(Sub) Wolf and the Decision to Part,2008,False,[],,,,"('No multiple ids for this episode link', 200687, 3890)",No multiple ids for this episode link,,,,,
Hulu,4512,200259,50107076,SE,,Kaze no Stigma,(Dub) The Wind Returns,2007,False,[],,,,"('No multiple ids for this episode link', 200259, 4512)",No multiple ids for this episode link,,,,,
Hulu,1238,198337,50104985,SE,,Sons of Anarchy,Widening Gyre,2008,False,[],,,,"('No multiple ids for this episode link', 198337, 1238)",No multiple ids for this episode link,,,,,
Hulu,26088,198525,50104786,SE,,Flavor of Love: Charm School,No Mo'Nicknames,2007,False,[],,,,"('No multiple ids for this episode link', 198525, 26088)",No multiple ids for this episode link,,,,,
Hulu,4775,195112,50101806,SE,,Claymore,(Sub) For Whose Sake,2007,False,[],,,,"('No multiple ids for this episode link', 195112, 4775)",No multiple ids for this episode link,,,,,
Hulu,5406,197716,50101259,SE,,I Love New York,The Mangeant,2007,False,[],,,,"('No multiple ids for this episode link', 197716, 5406)",No multiple ids for this episode link,,,,,
Hulu,3904,189960,50096578,SE,,Soul Eater,(Dub) The Word Is Bravery!,2008,False,[],,,,"('No multiple ids for this episode link', 189960, 3904)",No multiple ids for this episode link,,,,,
Hulu,4317,184708,50091056,SE,,Vandread,Vandread Integral,2000,False,[],,,,"('No multiple ids for this episode link', 184708, 4317)",No multiple ids for this episode link,,,,,
Hulu,1847,183757,50090073,SE,,Heroic Age,(Dub) Age,2007,False,[],,,,"('No multiple ids for this episode link', 183757, 1847)",No multiple ids for this episode link,,,,,
Hulu,4069,180769,50087382,SE,,Vampire Knight,(Sub) World's End,2008,False,[],,,,"('No multiple ids for this episode link', 180769, 4069)",No multiple ids for this episode link,,,,,
Hulu,4950,179249,50085641,SE,,Princess Tutu,(Dub) Crown of Stone,2005,False,[],,,,"('No multiple ids for this episode link', 179249, 4950)",No multiple ids for this episode link,,,,,
Hulu,4981,177579,50083232,SE,,Coupling,9 1/2 Months,2000,False,[],,,,"('No multiple ids for this episode link', 177579, 4981)",No multiple ids for this episode link,,,,,
Hulu,4174,176315,50082957,SE,,D.Gray-man,(Sub) Lulu Bell's Bell,2006,False,[],,,,"('No multiple ids for this episode link', 176315, 4174)",No multiple ids for this episode link,,,,,
Hulu,2427,175784,50082209,SE,,The Commish,Hero,1991,False,[],,,,"('No multiple ids for this episode link', 175784, 2427)",No multiple ids for this episode link,,,,,
Hulu,3597,174690,50081227,SE,,Fruits Basket,(Sub) Let's Go Home,2001,False,[],,,,"('No multiple ids for this episode link', 174690, 3597)",No multiple ids for this episode link,,,,,
Hulu,3511,174046,50080568,SE,,Hunter,Silver Bullet,1984,False,[],,,,"('No multiple ids for this episode link', 174046, 3511)",No multiple ids for this episode link,,,,,
Hulu,4917,173919,50080203,SE,,Tears to Tiara,(Sub) Assault,2009,False,[],,,,"('No multiple ids for this episode link', 173919, 4917)",No multiple ids for this episode link,,,,,
Hulu,4831,172689,50079389,SE,,Eden of the East,(Sub) A Man Too Ephemeral,2009,False,[],,,,"('No multiple ids for this episode link', 172689, 4831)",No multiple ids for this episode link,,,,,
Hulu,4435,171242,50077895,SE,,Negima!,(Sub) Memento Mori (Remember to Die),2005,False,[],,,,"('No multiple ids for this episode link', 171242, 4435)",No multiple ids for this episode link,,,,,
Hulu,4391,167184,50073682,SE,,Hetalia: Axis Powers,(Sub) Episode 51,2009,False,[],,,,"('No multiple ids for this episode link', 167184, 4391)",No multiple ids for this episode link,,,,,
Hulu,4043,166567,50073095,SE,,Ouran High School Host Club,"(Dub) Starting Today, You Are a Host!",2006,False,[],,,,"('No multiple ids for this episode link', 166567, 4043)",No multiple ids for this episode link,,,,,
Hulu,4736,166541,50072909,SE,,Boys Before Flowers,Episode 18,2009,False,[],,,,"('No multiple ids for this episode link', 166541, 4736)",No multiple ids for this episode link,,,,,
Hulu,2418,164665,50070866,SE,,21 Jump Street (TV),Wasted,1987,False,[],,,,"('No multiple ids for this episode link', 164665, 2418)",No multiple ids for this episode link,,,,,
Hulu,4482,164276,50070062,SE,,The Sacred Blacksmith,(Sub) Truth,2009,False,[],,,,"('No multiple ids for this episode link', 164276, 4482)",No multiple ids for this episode link,,,,,
Hulu,2297,161533,50068186,SE,,Ugly Betty,Sisters on the Verge of a Nervous Breakdown,2006,False,[],,,,"('No multiple ids for this episode link', 161533, 2297)",No multiple ids for this episode link,,,,,
Hulu,938,161291,50067394,SE,,Angel,Reunion,1999,False,[],,,,"('No multiple ids for this episode link', 161291, 938)",No multiple ids for this episode link,,,,,
Hulu,3962,160772,50067379,SE,,The Office (U.K.),Downsize,2001,False,[],,,,"('No multiple ids for this episode link', 160772, 3962)",No multiple ids for this episode link,,,,,
Hulu,3639,157862,50065567,SE,,Hikaru no Go,A Determined Visitor,2006,False,[],,,,"('No multiple ids for this episode link', 157862, 3639)",No multiple ids for this episode link,,,,,
Hulu,23,160601,50065357,SE,,Buffy the Vampire Slayer,Lessons,1997,False,[],,,,"('No multiple ids for this episode link', 160601, 23)",No multiple ids for this episode link,,,,,
Hulu,655,158941,50065319,SE,,Roswell,Harvest,1999,False,[],,,,"('No multiple ids for this episode link', 158941, 655)",No multiple ids for this episode link,,,,,
Hulu,4532,156332,50063907,SE,,Afro Samurai,(Dub) The Dream Reader,2009,False,[],,,,"('No multiple ids for this episode link', 156332, 4532)",No multiple ids for this episode link,,,,,
Hulu,512,158670,50060942,SE,,The X-Files,The Beginning,1993,False,[],,,,"('No multiple ids for this episode link', 158670, 512)",No multiple ids for this episode link,,,,,
Hulu,1875,155125,50059396,SE,,The Outer Limits - Original,Soldier,1963,False,[],,,,"('No multiple ids for this episode link', 155125, 1875)",No multiple ids for this episode link,,,,,
Hulu,2465,151957,50058699,SE,,10 Things I Hate About You,Revolution,2009,False,[],,,,"('No multiple ids for this episode link', 151957, 2465)",No multiple ids for this episode link,,,,,
Hulu,4370,151874,50058611,SE,,Full Metal Panic? Fumoffu,(Sub) Uncontrollable Bluebird,2003,False,[],,,,"('No multiple ids for this episode link', 151874, 4370)",No multiple ids for this episode link,,,,,
Hulu,4002,141014,50047312,SE,,Baka and Test: Summon the Beasts,(Sub) Summon the Beasts,2010,False,[],,,,"('No multiple ids for this episode link', 141014, 4002)",No multiple ids for this episode link,,,,,
Hulu,2069,140512,50046726,SE,,Kingdom,Episode 1,2007,False,[],,,,"('No multiple ids for this episode link', 140512, 2069)",No multiple ids for this episode link,,,,,
Hulu,3663,139653,50046025,SE,,The Prince of Tennis,(Sub) A Devil On the Court,2001,False,[],,,,"('No multiple ids for this episode link', 139653, 3663)",No multiple ids for this episode link,,,,,
Hulu,3281,137832,50044051,SE,,Inuyasha - The Final Act,(Sub) Toward Tomorrow,2009,False,[],,,,"('No multiple ids for this episode link', 137832, 3281)",No multiple ids for this episode link,,,,,
Hulu,4081,136713,50042945,SE,,Tower of Druaga: The Sword of Uruk,The Tower of Gilgamesh,2009,False,[],,,,"('No multiple ids for this episode link', 136713, 4081)",No multiple ids for this episode link,,,,,
Hulu,3968,136636,50042819,SE,,Tower of Druaga: The Aegis of Uruk,(Sub) The Great Tower of Druaga,2008,False,[],,,,"('No multiple ids for this episode link', 136636, 3968)",No multiple ids for this episode link,,,,,
Hulu,4075,136587,50042756,SE,,Witchblade,(Sub) The Beginning,2006,False,[],,,,"('No multiple ids for this episode link', 136587, 4075)",No multiple ids for this episode link,,,,,
Hulu,93,134999,50041187,SE,,Scrubs,Our Thanks,2001,False,[],,,,"('No multiple ids for this episode link', 134999, 93)",No multiple ids for this episode link,,,,,
Hulu,4037,134845,50041041,SE,,Last Exile,(Sub) First Move,2003,False,[],,,,"('No multiple ids for this episode link', 134845, 4037)",No multiple ids for this episode link,,,,,
Hulu,4024,133914,50040090,SE,,The Wallflower,(Dub) A Ray of Light in the Darkness,2006,False,[],,,,"('No multiple ids for this episode link', 133914, 4024)",No multiple ids for this episode link,,,,,
Hulu,3969,133612,50039807,SE,,Dragonaut: The Resonance,(Sub) Roar: As the Shining Star Burns,2007,False,[],,,,"('No multiple ids for this episode link', 133612, 3969)",No multiple ids for this episode link,,,,,
Hulu,3952,130530,50036701,SE,,Sekirei,(Sub) The Water Sekirei,2008,False,[],,,,"('No multiple ids for this episode link', 130530, 3952)",No multiple ids for this episode link,,,,,
Hulu,189,129469,50035762,SE,,Outer Limits,Star Crossed,1995,False,[],,,,"('No multiple ids for this episode link', 129469, 189)",No multiple ids for this episode link,,,,,
Hulu,3905,128986,50035235,SE,,Nabari no Ou,(Sub) The Awakened One,2008,False,[],,,,"('No multiple ids for this episode link', 128986, 3905)",No multiple ids for this episode link,,,,,
Hulu,3903,128925,50035116,SE,,Devil May Cry,(Sub) Devil May Cry,2007,False,[],,,,"('No multiple ids for this episode link', 128925, 3903)",No multiple ids for this episode link,,,,,
Hulu,3902,128868,50035041,SE,,Samurai Champloo,Tempestuous Temperaments,2004,False,[],,,,"('No multiple ids for this episode link', 128868, 3902)",No multiple ids for this episode link,,,,,
Hulu,1448,128713,50034891,SE,,xxxHolic,(Sub) The Inevitable,2006,False,[],,,,"('No multiple ids for this episode link', 128713, 1448)",No multiple ids for this episode link,,,,,
Hulu,3640,127952,50034137,SE,,Buso Renkin,(Sub) As Long As I Can Protect You,2006,False,[],,,,"('No multiple ids for this episode link', 127952, 3640)",No multiple ids for this episode link,,,,,
Hulu,2200,126704,50032880,SE,,Full Metal Panic! The Second Raid,(Sub) The Ending Day by Day,2005,False,[],,,,"('No multiple ids for this episode link', 126704, 2200)",No multiple ids for this episode link,,,,,
Hulu,1924,126176,50032383,SE,,Aquarion,(Sub) Memories of Heavenly Wings,2005,False,[],,,,"('No multiple ids for this episode link', 126176, 1924)",No multiple ids for this episode link,,,,,
Hulu,2276,122949,50029446,SE,,Better Off Ted,Mess of a Salesman,2009,False,[],,,,"('No multiple ids for this episode link', 122949, 2276)",No multiple ids for this episode link,,,,,
Hulu,3773,121632,50025435,SE,,The Dating Guy,Bonnie and Mark,2009,False,[],,,,"('No multiple ids for this episode link', 121632, 3773)",No multiple ids for this episode link,,,,,
Hulu,3673,117404,50023543,SE,,Rurouni Kenshin,"(Dub) Kenshin: Battousai Himura, Legendary Swordsman",1996,False,[],,,,"('No multiple ids for this episode link', 117404, 3673)",No multiple ids for this episode link,,,,,
Hulu,1861,115413,50021742,SE,,Stargate SG-1,Dominion,1997,False,[],,,,"('No multiple ids for this episode link', 115413, 1861)",No multiple ids for this episode link,,,,,
Hulu,3507,114475,50020854,SE,,Black Books,Party,2000,False,[],,,,"('No multiple ids for this episode link', 114475, 3507)",No multiple ids for this episode link,,,,,
Hulu,644,114074,50020540,SE,,The Dick Van Dyke Show,The Life and Love of Joe Coogan,1961,False,[],,,,"('No multiple ids for this episode link', 114074, 644)",No multiple ids for this episode link,,,,,
Hulu,3548,113087,50019546,SE,,Silk Stalkings,Mother Love,1991,False,[],,,,"('No multiple ids for this episode link', 113087, 3548)",No multiple ids for this episode link,,,,,
Hulu,2441,107812,50014257,SE,,Lincoln Heights,Lucky,2007,False,[],,,,"('No multiple ids for this episode link', 107812, 2441)",No multiple ids for this episode link,,,,,
Hulu,37,96145,50002421,SE,,Are You Smarter Than a 5th Grader?,Episode 28,2007,False,[],,,,"('No multiple ids for this episode link', 96145, 37)",No multiple ids for this episode link,,,,,
Hulu,55,95337,50001582,SE,,King of the Hill,To Sirloin With Love,1997,False,[],,,,"('No multiple ids for this episode link', 95337, 55)",No multiple ids for this episode link,,,,,
Hulu,8143,291905,40053204,SE,,Blood-C,(Sub) For Some Men I Grieve,2011,False,[],,,,"('No multiple ids for this episode link', 291905, 8143)",No multiple ids for this episode link,,,,,
Hulu,7891,285348,40045574,SE,,Oreimo,"(Sub) ""My Little Sister's Advice Can't End Here (GOOD END)""",2010,False,[],,,,"('No multiple ids for this episode link', 285348, 7891)",No multiple ids for this episode link,,,,,
Hulu,8007,283823,40039090,SE,,Star Trek: The Original Series,"I, Mudd",1966,False,[],,,,"('No multiple ids for this episode link', 283823, 8007)",No multiple ids for this episode link,,,,,
Hulu,7890,283894,40031979,SE,,Twin Peaks,Beyond Life and Death,1990,False,[],,,,"('No multiple ids for this episode link', 283894, 7890)",No multiple ids for this episode link,,,,,
Hulu,7223,271496,40030910,SE,,Blue Dragon Uncut,(Sub) Shu,2007,False,[],,,,"('No multiple ids for this episode link', 271496, 7223)",No multiple ids for this episode link,,,,,
Hulu,419,93225,20530946,SE,,Stargate Atlantis,The Prodigal,2004,False,[],,,,"('No multiple ids for this episode link', 93225, 419)",No multiple ids for this episode link,,,,,
Hulu,1304,91440,20254136,SE,,Naruto,(Dub) Akamaru Unleashed!  Who's Top Dog Now?,2005,False,[],,,,"('No multiple ids for this episode link', 91440, 1304)",No multiple ids for this episode link,,,,,
Hulu,2438,87991,19425311,SE,,My So-Called Life,Pilot,1994,False,[],,,,"('No multiple ids for this episode link', 87991, 2438)",No multiple ids for this episode link,,,,,
Hulu,2346,84735,18994697,SE,,Spaced,Gone,1999,False,[],,,,"('No multiple ids for this episode link', 84735, 2346)",No multiple ids for this episode link,,,,,
Hulu,2381,85781,18940615,SE,,Negima!? Magister Negi Magi,(Sub) Spring OVA,2007,False,[],,,,"('No multiple ids for this episode link', 85781, 2381)",No multiple ids for this episode link,,,,,
Hulu,2206,78766,18226204,SE,,Dead Like Me,Always,2003,False,[],,,,"('No multiple ids for this episode link', 78766, 2206)",No multiple ids for this episode link,,,,,
Hulu,1504,72776,17074825,SE,,Reba,The Pageant Of Grandmas,2001,False,[],,,,"('No multiple ids for this episode link', 72776, 1504)",No multiple ids for this episode link,,,,,
Hulu,1467,76721,15751929,SE,,Shuffle,(Sub) And... What Is Important,2005,False,[],,,,"('No multiple ids for this episode link', 76721, 1467)",No multiple ids for this episode link,,,,,
Hulu,1461,77877,15655656,SE,,Black Blood Brothers,(Sub) The Special Economic Zone,2006,False,[],,,,"('No multiple ids for this episode link', 77877, 1461)",No multiple ids for this episode link,,,,,
Hulu,3,52600,13412951,SE,,Alfred Hitchcock Presents,The Morning After,1955,False,[],,,,"('No multiple ids for this episode link', 52600, 3)",No multiple ids for this episode link,,,,,
Hulu,65,47922,12594763,SE,,The Mary Tyler Moore Show,You Certainly Are A Big Boy,1970,False,[],,,,"('No multiple ids for this episode link', 47922, 65)",No multiple ids for this episode link,,,,,
Hulu,1303,35954,10758602,SE,,Death Note,(Sub) Pursuit,2006,False,[],,,,"('No multiple ids for this episode link', 35954, 1303)",No multiple ids for this episode link,,,,,
Hulu,1201,41273,10034505,SE,,The O.C.,The Countdown,2003,False,[],,,,"('No multiple ids for this episode link', 41273, 1201)",No multiple ids for this episode link,,,,,
Hulu,24,30166,9694985,SE,,"Doogie Howser, M.D.",Son Of The Desert,1989,False,[],,,,"('No multiple ids for this episode link', 30166, 24)",No multiple ids for this episode link,,,,,
Hulu,218,29357,9494941,SE,,American Gladiators (2008),"Mon, Aug 4, 2008",2008,False,[],,,,"('No multiple ids for this episode link', 29357, 218)",No multiple ids for this episode link,,,,,
Hulu,66,25302,8453960,SE,,The Bob Newhart Show,The Gray Flannel Shrink,1972,False,[],,,,"('No multiple ids for this episode link', 25302, 66)",No multiple ids for this episode link,,,,,
Hulu,26,23810,8304996,SE,,Lost in Space,Visit To A Hostile Planet,1965,False,[],,,,"('No multiple ids for this episode link', 23810, 26)",No multiple ids for this episode link,,,,,
Hulu,330,17240,7222384,SE,,The Dana Carvey Show,The Taco Bell Dana Carvey Show,1996,False,[],,,,"('No multiple ids for this episode link', 17240, 330)",No multiple ids for this episode link,,,,,
Hulu,51,17189,7212878,SE,,Arrested Development,Prison Break-In,2003,False,[],,,,"('No multiple ids for this episode link', 17189, 51)",No multiple ids for this episode link,,,,,
Hulu,828,10794,5858143,SE,,Stacked,Gavin's Pipe Dream,2005,False,[],,,,"('No multiple ids for this episode link', 10794, 828)",No multiple ids for this episode link,,,,,
Hulu,298,10688,5830987,SE,,Astro Boy,(Dub) Firebird,2003,False,[],,,,"('No multiple ids for this episode link', 10688, 298)",No multiple ids for this episode link,,,,,
Hulu,827,4479,5061254,SE,,Firefly,Objects in Space,2002,False,[],,,,"('No multiple ids for this episode link', 4479, 827)",No multiple ids for this episode link,,,,,
Hulu,831,2248,1768368,SE,,The Loop,Stride,2006,False,[],,,,"('No multiple ids for this episode link', 2248, 831)",No multiple ids for this episode link,,,,,
