Projectx Id 1,Projectx ID 2,Series Title,Episode Title,Status
13358016,10109953,227,Honesty,
13348488,3515845,24 Hours on Earth,Day,
13115705,11058942,50 Central,Katt Williams Is Loose,
13094272,2799636,8 Simple Rules,Pilot,
13419425,3524714,A Cook's Tour,A Taste of Tokyo,
13021349,11646481,A Discovery of Witches,Episode 1,
13091351,3585903,A.D. Kingdom and Empire,The Tomb is Open,
10389051,3652487,Abandoned,Ghost Mall,
13524538,11576172,Abby's,Pilot,
13121745,3955878,Abnormal Summit,Episode 1,
13549025,13454993,Accident,,
13080454,5523255,Addicted,Amanda,
8029354,3279411,Africa,Kalahari,
13378873,8165069,Aftermath,Episode 1,
13167180,3796527,Agatha Christie's Criminal Games,Sparkling Cyanide,
13380840,8635077,Aim High,Episode 1,
13066479,11538942,Alaska's Deadliest,Grizzly Battleground,
13344739,3397296,Alien Encounters,The Message,
13289941,2973029,Aliens in America,Pilot,
13208087,9331163,All Quiet in Peking,Episode 1,
13408842,7975844,Along for the Bride,Aki,
13418735,7363492,Amagami SS,Admiration,
13076011,11498961,America's Wild Frontier,The Mighty Mississippi,
13229330,10274633,American Grit,Ruck Up,
13123622,11674282,American Koko,Meet Koko,
13349982,3211609,Amish: Out of Order,Amish 101,
13122254,2909828,Andromeda,Under the Night,
13394270,7634222,Anohana: The Flower We Saw That Day,Super Peace Busters,
13283158,3541703,ANZAC Girls,Adventure,
13328663,8953226,Apocalypse: WWI,Fury,
13392737,5495727,Aria: The Animation,That Wonderful Miracle…,
13295339,12559308,Arpeggio of Blue Steel,Those with Shipping Routes,
13022894,12353461,Australia's Most Dangerous,Perilous Waters,
13022795,7822682,Australian Families Of Crime,Baby Faced Killer: Carl Williams,
13524516,12926997,AutoBiography,The Case of the Buried Dino,
13292451,8306188,AwesomenessTV,Terry the Tomboy: Summer Style Guide,
11168226,10815337,Bad Guys,Episode 1,
13696395,13595298,Bake You Rich,Baking Mashups,
13143910,7621075,Ball Boys,Lord of the Ring,
13172731,5972757,Battlefront,Dunkirk,
13392255,3387010,Battleground Afghanistan,First Contact,
13498621,2737436,Baywatch,Panic at Malibu Pier,
13244988,9224004,Bazillion Dollar Club,Vango,
13647631,13539447,Beasts of the Ice Age,Beasts of the Ice Age,
13422850,3559856,Believe,Pilot,
13408237,3170564,Bering Sea Gold,Paydirt,
13770600,13554301,Best Room Wins,Home Sweet Hollywood Regency,
13417792,5269431,Beyond,Ghosts,
13389572,8250481,Bid America,Planes,
13376674,3414884,Big Fat Gypsy Weddings,Born To Be Wed,
13022143,12914094,Biography: The Trump Dynasty,Part 1: New Frontiers,
13669413,11646396,Black Summer,Human Flow,
13690013,12319395,Bless This Mess,Pilot,
13101430,3871429,Blue Planet II,One Ocean,
13210659,3774789,Blue: A Secret Life,Blue Rules,
13425467,8218497,Bodacious Space Pirates,Pirates Coming Through,
13708049,12354160,Bonding,Old Friends,
13254280,9355353,Boom!,It's the Maple Syrup Bomb!,
12957979,11556692,Boomerang,Pilot,
11007503,9341296,Bottersnikes & Gumbles,The Gumbledex,
13334807,9080147,Branson Famous,Meet the Mabes,
13696169,13509877,Breakthrough: The Ideas That Changed the World,The Telescope,
13137203,10932555,Bringing Up Ballers,Have You Met Peytyn?,
13397146,3446573,Bullet Points,Battle for the Pacific,
13445429,5374352,Bunnytown,Hello Bunnies!,
11727330,5526307,Butterfly,Episode 1,
13088616,2802726,Call 911,Saved by a Siren,
13365734,3984395,Canimals,Episode 1,
13277021,6046774,Celebrity Big Brother,Episode 1,
13720747,11595334,Chambers,Into the Void,
13430595,4110984,Chance Pop Session,Angel,
12258441,9343068,Charmed,Something Wicca This Way Comes,
13096049,3953539,Cheapest Weddings,Episode 1,
13235794,10399434,Chivalry of a Failed Knight,The Worst One I,
13781389,11214912,Cobra Kai,Ace Degenerate,
13425340,3795261,Coffee Prince,First Cup,
12951252,2732544,College Hill: Interns,Let the Games Begin,
13397908,3522032,Combat Pawn,Sniper Rifle Challenge,
13262859,8907048,Connected,Walking Up To The Pretty Girl,
13445432,11692299,Consumer 101,Protect Yourself,
13205300,3741553,Counting On,A New Chapter,
13220997,10307312,Coupled,Chemistry 101,
10507590,3365324,Cracked,How the Light Gets In,
13079006,4420911,Crusade in Europe,Prelude to War,
13441342,3185215,Cuff Me If You Can,No Life of the Party,
13403591,8243754,Cuticle Detective Inaba,Counterfeit Currency Printing Incident / Inaba Hiroshi Kidnapping Incident,
13295594,7520884,D-Day to Victory,D-Day,
13365370,10179557,D-Fragments,Kazama's Party,
13280614,5063975,Danger Man,View from the Villa,
13117177,11232746,Dare To Live,Rae Sremmurd,
13671195,13590124,Dark Side of the Ring,The Match Made in Heaven,
13087517,11495737,DARLING in the FRANXX,Alone and Lonesome,
13404998,8240043,Dating Rules From My Future Self,Who RU?,
13390961,8735955,Day Break Illusion,Dark Spot of the Sun,
13024209,12353465,Dead by Dawn,The Hills Have Eyes,
13765100,11546866,Dead to Me,Pilot,
13267445,12921246,Deadly Cults,Vampire Clan,
13189377,10518954,Deadly Doctors,Prescription To Kill,
13296399,8887140,DearS,I Want to Nibble Sweetly,
13263535,3545153,Death Row Stories,Edward Lee Elmore: Innocence and the Intern,
7777430,3974293,Deception,Pilot,
13373224,8731840,Deja Vu,Episode 1,
13528097,12920944,Delhi Crime,Episode 1,
13128668,10999784,Detective,Till Doom Do Us Part,
13228490,11033354,Detective Alice,Episode 1,
13434968,7146910,Devil May Cry,Devil May Cry,
13489787,3598806,Diff'rent Strokes,Movin' In,
13212714,3733684,Dios Inc.,The Cave,
13305730,5990976,Dogstar,A Dog's Tale,
13162376,7631283,Don Matteo,The Stranger,
13228927,3512076,Double Cross,Into Thin Air,
13302637,3700662,Downton Abbey,Episode 1,
13006389,3100280,Dragon Hunters,The Strange Taste of Cocomak,
13696392,13595474,Duff Takes the Cake,Baked,
13434408,8220148,Dusk Maiden of Amnesia,Ghost Maiden,
13386792,2741815,Earthflight,North America,
13280864,7786081,Edwardian Farm,September,
13522961,13497845,Egypt From Above,Egypt's Ancient Empire,
13133370,10888903,Egypt's Greatest Mysteries,The Search for Tutankhamun,
13648829,13540786,Egypt's Unexplained Files,Mystery of the Cannibal Crypt,
13062563,8194745,El señor de los cielos,Arranca la balacera,
5313244,2823768,Eleventh Hour,Resurrection,
13404498,8892110,Emma: A Victorian Romance,The Gift,
6847620,3195814,Empire,Pilot,
13009113,3851912,Escape to Chimp Eden,Josephine: Race for Life,
13335843,3483382,Escaping Alaska,Frozen Lies & Forging a New Family,
13259493,12916710,Evan Goes Wild,Sharks and Recreation,
13316104,3526671,Evil,,
13021651,12919368,Examination of Conscience,Episode 1,
13337137,8866331,Extreme Auto Hunters,Gas,
13299056,5440939,Extreme Bodies,Conjoined Twins,
13159822,11407050,Fantastic,Episode 1,
13254582,2750386,Farscape,Premiere,
13146078,8211300,Fate/Zero,The Summoning of Heroes,
10178896,5439091,Fated to Love You,Go! Chen Xin Yi,
10100787,3671647,Father Brown,The Hammer of God,
13084486,10544609,Find It,,
13320645,3099806,Fish Warrior,Amazon Giant,
13336094,8845778,Fix My Choir,A Perfect Storm,
13445217,11724153,Folklore,A Mother's Love,
13483333,13445436,Fosse/Verdon,Life Is a Cabaret,
13424843,10035523,Fractale,Encounter,
13349736,7039046,Frontier Force,Trailer Tricks,
13338096,12923737,Game of Clones,Clones Are Here!,
13630555,13618661,GEMUSETTO MACHU PICCHU,Chapter 1: Your Serve,
4157173,2801820,Get Smart,Mr. Big,
13513636,8411227,Ghost Bait,Agnes,
13275338,3397615,Ghost Lab,Disturbing the Peace,
13433212,5423159,Ghost Slayers Ayashi,The Youi Cometh,
13396542,8145307,Giving You the Business,Pepperoni With a Side of Chaos,
13423941,4151498,Glass Fleet,Like a Shooting Star,
13373228,8707314,God Mars,Who Am I?!,
13307325,5367600,Grand Star,Chapter I,
4016421,3269044,Great Expectations,Episode 1,
13381621,4266400,Groundling Marsh,Fungus Amungus,
13630523,11774566,Growing Up Chrisley,Chase & Savannah Fly The Nest,
12949440,9299075,Gugure! Kokkuri-san,Doll Girl Meets Kokkuri-san!,
13225896,10216346,Guy and Hunter's European Vacation,Greece,
13015511,4028780,Happily Ever After: Fairy Tales For Every Child,Jack and the Beanstalk,
13360550,8885441,Happiness!,Valentine,
13509232,11675254,Haunted Hospitals,Dead Man Rotting,
13425476,8234358,Heartstrings,An Unexpected Meeting With You,
13225582,10548611,Heidi,Up to the Mountain,
13206836,3756415,Hell Below,The Wolfpack,
13290537,3648580,Hellcats,A World Full of Strangers,
11593191,3335247,Hidden,Episode 1,
7315000,5266638,Hikaru No Go,Eternal Rivals,
13034214,11552393,Hit Properties with Nathan Morris,Multi-Platinum Property,
13068680,8204459,Hit The Floor,Pilot,
13068682,3980434,Hitler Youth,The Nazi Child Army,
13058700,3990865,Hitler's Last Stand,Panzer Fury,
13234418,3565263,Home Fires,Episode 1,
13488558,11654096,Homecoming,Mandatory,
13026539,11678140,Hope in the Wild,Hope for Spring Babies,
13006250,3174527,Hot Wheels: Battle Force 5,Starting Line,
12955830,11604145,Howie Mandel's Animals Doing Things,Battleship Bunnies,
13364584,8751073,Hudson Valley Ballers,Best Friends Ft. Paul Rudd & Kate McKinnon,
13028612,11779367,I Am the Night,Pilot,
13393453,8265480,I Hear Your Voice,Episode 1,
13367849,8751387,ICE,Heart,
13118343,11751924,In Another World With My Smartphone,Awakening,
13148454,10870588,In Bed With Simon,Would You Give a Hall Pass?,
13630535,13484990,In Search of Monsters,Bigfoot,
13522984,11571360,In the Dark,Pilot,
13754212,13710529,Ingress: The Animation,Begin - Danger - Message,
13243693,3991906,Ink Master: Redemption,Hula Girls & Garter Belts,
12916938,11574638,Innocent,Episode 1,
13021363,12922186,Inside The Mossad,In Poison,
12958503,12925831,Inst@famous,@f**kjerry,
3665239,3125926,Intelligence,Pilot,
13125971,10989231,Iron Chef Eats,Beloved Burgers,
13099515,11322322,Iron Chef: Behind the Battle,Thanksgiving Feast,
13398739,7932681,Isabel,Isabel,
13414006,3198869,Jane Eyre,Episode 1,
13696475,13583868,Jeremy Wade's Dark Waters,Italy's Lake Monster,
13559726,12913856,Jesus: His Life,Joseph: The Nativity / John the Baptist: The Mission,
13388701,8123436,Jonah Hex Motion Comics,Two-Gun Mojo - Chapter One,
13488966,3957994,Journey with Dylan Dreyer,Adventure Alaska,
13382275,7393271,JUNKies,The Rocket Ride,
12914210,2931056,Justice,Episode 1,
13714929,13653921,Kids Behind Bars: Life or Parole,Aaron,
9322695,8756273,Kill la Kill,If Only I Had Thorns Like a Thistle...,
13194423,10487493,Killer Clergy,Father,
7426888,3285233,Killer Instinct,A Killer Among Us,
11786636,7374908,Killing Time,Sleep No More,
13488041,4054678,Kindergarten,Welcome to Kindergarten,
10980876,3114161,Kingdom,Episode 1,
2858412,2778475,Knight Rider,Knight of the Phoenix,
13150454,4164100,Laramie,Stage Stop,
13344718,2774642,Law & Order: Trial by Jury,The Abominable Showman,
13648827,10388560,Lazor Wulf,Dying to Eat,
13378747,7683762,Leave It to Niecy,You Need a Daddy,
10960478,7367823,Legend Quest,The Prophecy,
13523859,13485311,Legendary Catch,Fishing for Dinosaurs,
13389505,3352431,Let It Ride,Rockin' Wheelies,
9480691,2890001,Life,Challenges of Life,
11666007,4920911,Life,Episode 1,
13290201,8724417,Life Line Booth,A Conduit for Stories and Wisdom,
13283394,5371074,Lilies,The Chit Behind King Billy,
13434497,8240127,Listen to Me,,
13441334,3625121,Little Miss Perfect,Ashley vs. BrandiJean,
13428229,3514605,Little Mosque,Little Mosque,
11257767,11168196,Little Witch Academia,Starting Over,
13068791,3983741,Littlest Pet Shop: A World of Our Own,A Pet's Best Friend Is…,
13020877,11586934,Live,Episode 1,
13011872,2878998,Locked Up Abroad,Peru,
13366145,3412439,Lone Target,Safari Survival,
13292105,9244519,Love Cells,Encounter,
13317643,4276802,Lovejoy,The Firefly Cage,
13430461,5123224,Magical Play,The Day It Rained Fish,
13304975,3666983,Makers,Awakening,
3932638,2973810,Man v. Food,Amarillo,
13498452,12352299,Mark of a Killer,Posed to Kill,
10105724,3470733,Married at First Sight,Matchmaking,
13427651,8254705,Mary Stayed Out All Night,Episode 1,
12949129,4768686,Mega Babies,Full Metal Grizz,
13488284,11468648,Memory Love,Episode 1,
13445448,11663205,Mental Samurai,Premiere,
13414108,2751578,MI-5,Thou Shalt Not Kill,
13189642,3694236,Miffy's Adventures Big and Small,Miffy and the Puddles,
13674197,11759410,Mighty Little Bheem,A Flower for Mom,
13413637,4156357,Mighty Machines,At the Demolition Site,
13571451,11756849,Million Dollar Mile,Victory is Only a Mile Away,
13207007,3784136,Milwaukee Blacksmith,The Forge Awakens,
13343412,3181050,Minnie's Bow-Toons,Leaky Pipes,
13212810,3762700,Missing Dial,Vanished,
13571388,12932588,Mission Declassified,Escape From Alcatraz,
12956654,11622982,Miz & Mrs,A Simple Mizunderstanding,
13138524,10868497,Mobile Suit Gundam Unicorn RE:0096,DEPARTURE 0096,
13428526,4111566,Monster Rancher,In the Beginning,
13428148,3225952,Mujer De Fases,A Smoker and a Mystic,
13655877,13617259,Mummies Unwrapped,Mayan Mass Grave Mystery,
13647919,13495605,Murder Decoded,Footsteps in Blood,
13650863,13481376,Murder for Hire,An Ex-Wife's Revenge,
13008295,3509757,My Extreme Animal Phobia,They Hide in the AC,
13072118,10428267,My Fighting Season,Hunting Ghosts,
13425661,8238138,My Girlfriend Is a Nine-Tailed Fox,Episode 1,
13025252,11748785,My Great Big Live Wedding With David Tutera,Krista and Redmond,
13399077,4019446,My Living Doll,Boy Meets Girl,
13300873,9179751,My Mental Choices are Completely Interfering with My School Romantic Comedy,Kanade Amakusa's Not-So-Sweet Daily Life,
13364669,8746927,Myself; Yourself,The Place of Memories,
13259517,5488870,MysteryQuest,Hitler's Escape,
13308318,12925334,Nailed It! Mexico,Birthday Blunders,
13384444,8165213,Naked Castaway,Stranded,
13115145,11184817,Naked SNCTM,The Flesh Prince,
11604394,3978589,Navy SEALs: America's Secret Warriors,Part 1,
13231243,10456846,Never Die,Episode 1,
13626902,7483711,Never Say Goodbye,Evil Lurks,
13680693,11748020,No Good Nick,The Catfish,
13431093,7621437,No. 6,Drowned Rat,
13363515,3362402,None of the Above,Fire and Water,
13404630,4110608,Now and Then,,
13491042,11537376,Now Apocalypse,This Is The Beginning of The End,
13391549,8153046,Nutri Ventures,The Little Big Hero,
13126714,11114140,Occult Crimes,Children of Thunder,
13279136,10191118,Off the Air,Animals,
13603576,11133847,Osmosis,The Test,
13571412,11762039,Our Planet,One Planet,
13403491,8080124,Out There,The Great Escape,
13403552,8242939,P.S. Man,Episode 1,
13221549,10265291,Party Over Here,Suffragettes,
13405535,3356423,Peacemaker,Cherry Blossoms,
13215728,3990387,Peanuts,Come on Snoopy!,
13215728,3990387,Peanuts,Good Dog,
13240278,12913760,PEN15,First Day,
13488045,4271782,Perry Mason,The Case of the Restless Redhead,
13674174,13633496,Persona,Love Set,
13026538,11529840,Pet Vet Dream Team,The Dream Team Activates,
13290273,10400062,Pinocchio,Episode 1,
13230771,10075022,Pitch Slapped,Aca-Gods,
13420493,8212345,Playful Kiss,Episode 1,
4399646,3563616,Poldark,Episode 1,
13317925,3517625,Pond Stars,Turtle Power,
13395328,2902196,Pororo the Little Penguin,We're Friends,
13629230,13432572,Possessed,Episode 1,
13289451,3527448,Predator Fail,The Hunting Game,
13299883,9179690,Princess Knight,Princess Knight,
13419233,7363829,Princess Resurrection,Princess Resurrection,
13062223,11578470,Proven Innocent,Pilot,
13007890,7484177,Puppies vs. Babies,Cutest of the Cute,
13217340,3837778,Pyros,Fire and Ice,
13084516,3936539,Queen Elizabeth's Secret Agents,Episode 1,
4830489,2963376,Queer as Folk,Episode 1,
13376314,6880923,Quints By Surprise,Meet the Joneses,
13432864,5309489,R.O.D. the TV,The Papers Have Landed,
13222121,10283356,Rachel Dratch's Late Night Snack,The First Course,
13696361,11569952,Ramy,Between the Toes,
13378578,3827334,Rat Busters NYC,It's Raining Rats,
13103968,7679201,Real Vice: Miami,The Bloodiest Day,
13211043,3402033,Rehab With Dr. Drew,Intake,
13084175,3954672,Retribution,The Storm,
13697247,11357223,Rilakkuma and Kaoru,Cherry Blossom,
13489970,3289275,Ringer,Pilot,
13350438,8826632,Riot,Steve Carell and Andy Buckley,
4680266,3914097,Riviera,Villa Carmella,
13498545,12379092,Robert Durst: An ID Murder Mystery,Bobby's Girls,
13187011,11651125,Robot Wars,First Blood,
13075960,11482386,Rocky Mountain Animal Rescue,Duck and Cover,
13390644,8787605,Roman,A Lavish Banquet of Raining Coins!,
12958160,11503256,Romper Stomper,Arrival,
11351824,4178633,Roseanne,Life and Stuff,
13413433,2790027,Rosemary & Thyme,And No Birds Sing,
13219697,3758336,Rush Hour,Pilot,
13157319,9428545,Saints & Sinners,Power Is Our Religion,
13115958,12957260,Save Me,Episode 1,
13088873,3385918,Save with Jamie,Beef,
13488042,4082820,Saved by the Bell: The New Class,The Date Lottery,
13397853,7498575,Secret Millionaires Club,Be Cool To Your School,
6385482,4022033,Sense and Sensibility,Episode 1,
10100351,5280880,Sensing Murder,The Patient Killer,
13391486,8385553,Servant x Service,Be Careful About How You Refer to Someone and Why,
13332703,3719542,Sex in the Wild,Elephants,
13490841,13470943,Shadow,Mary's Blackmail,
13265622,3407168,Shaun Ryder on UFOs,Caught On Tape,
13235789,10020057,She Was Pretty,Episode 1,
13393989,8466903,Shining Hearts,Welcome to Le Coeur,
13405835,8787509,Shinobi Girl,Some Kind of Superhero,
13349649,8816393,Short Poppies,Terry Pole,
13119052,11188684,Signed,Shoot Your Shot,
13249080,7281669,Significant Mother,Welcome to Bonetown,
11637552,8505856,Silver Spoon,Episode 1,
13393140,8505856,Silver Spoon,Welcome to Ezonoo,
12950012,9102819,Sing It On,Auditions,
13020107,10168373,Sinkholes: Swallowed Alive,Florida Hell Hole,
13419430,2996033,Sister Wives,Meet Kody & the Wives,
7276772,3607313,Skins,Tony,
13208161,2749890,Smart Guy,Pilot,
13027569,13027568,Snow Bears & Snow Babies,Snow Bears,
13376729,8787340,Sound Advice,FUN,
13405069,7651690,Spartacus: Blood and Sand - Motion Comic,Upon the Sands of Vengeance,
13674098,12925924,Special,Chapter One: Cerebral LOLzy,
13428538,8212565,Star Driver,The Ginga Bishonen,
13108808,13107093,Starhill Ponies,Scruffy Helps Out,
13123712,3894850,Storage Wars: Northern Treasures,Northern Lights,
13222978,11033304,Street Food,Bangkok,
13144524,12525512,Strike the Blood,The Right Arm of the Saint I,
13217098,10315287,Submission,Slave,
13390039,8784385,Sunday Without God,Valley of Death I,
13694272,13601040,Superstructures: Engineering Marvels,Space Station,
13423612,8367921,Suzuka,Anticipation,
13235205,3696938,Sydney Sailboat,Running on Empty,
13549024,12930580,Tacoma FD,On the Hot Seat,
5251265,2834616,Teachers,Pilot,
13702961,13657315,Teen Mom: Young Moms Club,On the Fence,
13118380,3906100,Teen Mum,Life as a Teen Mum,
13524118,12365669,The Act,La Maison du Bon Reve,
13383626,8509005,The Adventures of One eskimO,Chapter 1: Lost Love,
13113035,10226758,The Age of Aerospace,What Can't We Do?,
13550100,13528086,The American Farm,Betting the Farm,
13409523,4073194,The Animatrix,Final Flight Of The Osiris,
13528082,13508350,The Atlanta Child Murders,Into the Woods,
4318269,3032243,The Closer,Pilot,
13655948,11572536,The Code,Blowed Up,
10397259,3952190,The Disappearance,Episode 1,
13369763,4036923,The Doris Day Show,Dinner for Mom,
13384324,8777257,The Everyday Tales of a Cat God,God of Poverty Inspection+,
13696364,11206813,The Face of Evil,Seeds of Death,
13253123,9422414,The Fighting Season,The Taliban Attack,
12957617,11762702,The First 48 Presents: Homicide Squad Atlanta,Fallen Angel,
13306874,13208531,The Flightline,Snowbirds,
13369351,4288954,The Flying Nun,The Flying Nun,
13404957,7923143,The Front Desk,Triplets,
13387125,4916552,The Hoobs,Finding Out,
12956027,12955913,The Ice House,Episode 1,
13696383,11471842,The Kominsky Method,Chapter 1: An Actor Avoids,
13231390,3747110,The Lion Guard,Never Judge a Hyena by Its Spots,
13338427,8072634,The Lizzie Bennet Diaries,My Name is Lizzie Bennet,
13441500,3017806,The Locator,A Brother's Story,
13210340,3781115,The Making of the Mob,The Education of Lucky Luciano,
13267064,6246854,The Memoirs of Sherlock Holmes,The Three Gables,
13066490,3978709,The Mighty Northwest,Golden Coast,
13408320,10110857,The Mothers-In-Law,On Again,
13419025,7365023,The Next Big Thing: NY,Showtime at the Apollo!,
10021496,2819197,The Office,Pilot,
13323608,9513362,The P.E.T. Squad Files,Pilot,
13400742,3141819,The Pillars of the Earth,Anarchy,
13316053,9091999,The Pilot's Love Song,Island of New Journeys,
3609611,3216632,The Prisoner,Arrival,
13019446,7326693,The Protector,Pilot,
12998211,3409982,The Real Story,The Untouchables,
13019038,3469940,The Ren & Stimpy Show,Stimpy's Big Day,
8875614,8254381,The Returned,Camille,
13270876,6298364,The Royal,First Impressions,
13489843,3351767,The Secret Circle,Pilot,
13102612,11316368,The Secret World of Posh Pets,Lifestyles of the Rich & Furry,
13395728,8368383,The Severing Crime Edge,The Sleeping Princess,
13409641,7942565,The Shores,Opportunity Knocks,
3897551,3763479,The Slap,Hector,
13770328,11528783,The Spanish Princess,The New World,
13326067,3312083,The Staircase,Crime or Accident?,
13416911,3330727,The Straits,The Proposition,
13021362,12929383,The Toe Bro,Toezilla,
13417307,8359580,The Underdogs,Episode 1,
13085152,11492219,The Vet Life: Extreme Animal Encounters,Miracle Puppies,
13524536,11576225,The Village,Pilot,
13015754,4509781,The Wonderful Wizard of Oz,Dorothy Meets the Munchkins,
13123140,9458137,The Woodlies,Ugly Invasion,
13445439,11728292,The World's Best,The Auditions Season Premiere,
13023289,11567153,Tigtone,Tigtone and His Fellowship Of,
13646458,13638560,Tijuana,The Candidate,
13527979,11049972,Titans,Titans,
11673125,8766042,To Catch a Killer,All Hands on Deck,
13488947,2732652,Touched by an Angel,The Southbound Bus,
13085525,11475977,Trackers,Firework Frenzy,
13387193,3250740,Trashopolis,London,
13426178,8260821,Tree With Deep Roots,Episode 1,
13125345,11035504,Truth & Iliza,Well,
13129903,10981986,Twiz & Tuck,Pursuit of Happiness,
13122075,11105792,UFOs: Uncovering the Truth,Area 52,
13011578,2982593,Ultimate Factories,Ferrari,
13430755,7626991,Un-Go,The Murder at the Ball,
13349293,3673346,Undateable,Pilot,
13181120,3881538,Undercover,Episode 1,
13113634,3956424,Undercover High,Would You Go Back?,
12950529,3991976,Unplugged Nation,Hawaiian Dream,
13607496,11513173,Unspeakable,Emergence,
13327631,8955174,Urban Jungle,Downtown,
13094463,11389595,Vacation Rental Potential,Jersey Shore,
7998641,4036243,Vanity Fair,Episode 1,
13490863,13460258,Victor and Valentino,Folk Art Foes,
13406741,8218436,Vividred Operation,First Operation,
13399675,8936519,VocabuLarry,Language Fun,
13208750,4127019,Wait Till Your Father Gets Home,The Fling,
13489583,2803510,Walking the Bible,Go Forth: From Creation to Abraham,
10333239,2965960,Wanted,Chelsea and Lola,
13380695,7813008,Warped Roadies,Salt Lake City,
13096056,11388277,Wasteland,Wasteland 01,
13386972,2932230,We Can Be Heroes,Episode 1,
11203575,4055370,We'll Meet Again,Children of WWII,
13364281,7385334,Webster,Another Ballgame,
13269734,8875250,Weird Loners,Weird Pilot,
13030207,11571484,What We Do in the Shadows,Pilot,
13024262,9398770,Wild Arctic,Islands of Ice and Fire,
13057067,11127070,Wild Bear Rescue,A Cub With A Kick,
13072030,3280559,Wild Russia,Kamchatka,
13043451,11644205,Wild South West,Bat-Nado,
13400464,3294149,Witness,Juárez,
4277933,3228254,Wonders of the Universe,Destiny,
13266805,3206218,World's Most Dangerous Roads,Alaska,
13290642,3702396,Yankee Jungle,The Big Thaw,
13230916,10145210,Year in Fashion,1985,
13043928,11647568,Yellowstone Live,Inside the Supervolcano,
13322538,8873154,Yowamushi Pedal,Because I Can Go to Akiba for Free,
10408719,2833241,Yu-Gi-Oh! 5D's,On Your Mark,
13300834,9244907,Z/X Ignition,Phase 1,
3673050,2861282,Zero Hour,Disaster at Chernobyl,
