series_id,_id,show_type,Video_language,series_type,type,duration
0,1575955,MO,en,Null,feature_film,5479400
0,1573926,MO,en,Null,feature_film,6871464
0,1575336,MO,en,Null,feature_film,6842976
0,1574629,MO,en,Null,feature_film,5162376
0,1574746,MO,en,Null,feature_film,5515200
0,1576419,MO,en,Null,feature_film,5257544
0,1576269,MO,en,Null,feature_film,4806802
0,1573767,MO,en,Null,feature_film,6352220
0,1574514,MO,en,Null,feature_film,5003124
0,1573769,MO,en,Null,feature_film,8174833
0,1575270,MO,en,Null,feature_film,5418329
0,1561593,MO,en,Null,feature_film,4817938
0,1573628,MO,en,Null,feature_film,5144019
0,1561073,MO,en,Null,feature_film,349849
0,1560796,MO,en,Null,feature_film,429345
0,1560906,MO,en,Null,feature_film,406823
0,1561238,MO,en,Null,feature_film,448489
0,1560794,MO,en,Null,feature_film,381464
0,1560795,MO,en,Null,feature_film,321237
0,1561239,MO,en,Null,feature_film,436894
0,1565312,MO,en,Null,feature_film,4833119
0,1576418,MO,en,Null,feature_film,5494655
0,1565797,MO,en,Null,feature_film,6317602
0,1565802,MO,en,Null,feature_film,5944313
0,1565314,MO,en,Null,feature_film,5448440
0,1565313,MO,en,Null,feature_film,5340668
0,1565311,MO,en,Null,feature_film,6023100
0,1565145,MO,en,Null,feature_film,5243947
0,1576417,MO,en,Null,feature_film,6544663
0,1565915,MO,en,Null,feature_film,6186102
0,1571093,MO,en,Null,feature_film,5127585
0,1571093,MO,en,Null,feature_film,5127585
0,1571093,MO,en,Null,feature_film,5127585
0,1561804,MO,en,Null,feature_film,5388383
0,1554670,MO,en,Null,feature_film,119119
0,1574546,MO,en,Null,feature_film,6580417
0,1557476,MO,en,Null,feature_film,6567769
0,1571113,MO,en,Null,feature_film,6915048
0,1571109,MO,en,Null,feature_film,7400569
0,1572754,MO,en,Null,feature_film,6375384
0,1569619,MO,en,Null,feature_film,5712383
0,1572752,MO,en,Null,feature_film,5812233
0,1570437,MO,en,Null,feature_film,4547251
0,1558257,MO,en,Null,feature_film,5622791
0,1558257,MO,en,Null,feature_film,5622791
0,1559380,MO,en,Null,feature_film,4165494
0,1560885,MO,en,Null,feature_film,5338624
0,1545995,MO,en,Null,feature_film,5771328
0,1575254,MO,en,Null,feature_film,6630337
0,1561569,MO,en,Null,feature_film,5182927
0,1544406,MO,en,Null,feature_film,5435193
0,1555371,MO,en,Null,feature_film,4871472
0,1555370,MO,en,Null,feature_film,2682864
0,1544245,MO,en,Null,feature_film,4065816
0,1555369,MO,en,Null,feature_film,4085688
0,1570608,MO,en,Null,feature_film,6103722
0,1546303,MO,en,Null,feature_film,5321524
0,1571887,MO,en,Null,feature_film,6385379
0,1565798,MO,en,Null,feature_film,7857933
0,1562216,MO,en,Null,feature_film,5703791
0,1544279,MO,en,Null,feature_film,7051753
0,1544067,MO,en,Null,feature_film,6045581
0,1543817,MO,en,Null,feature_film,5762673
0,1544068,MO,en,Null,feature_film,4548377
0,1544278,MO,en,Null,feature_film,6646723
0,1543788,MO,en,Null,feature_film,5483160
0,1543785,MO,en,Null,feature_film,7130123
0,1543785,MO,en,Null,feature_film,7130123
0,1559392,MO,en,Null,feature_film,7952402
0,1552533,MO,en,Null,feature_film,6347132
0,1543784,MO,en,Null,feature_film,6141635
0,1570611,MO,en,Null,feature_film,7348008
0,1544741,MO,en,Null,feature_film,5687682
0,1570612,MO,en,Null,feature_film,5836872
0,1546268,MO,en,Null,feature_film,6873241
0,1573768,MO,en,Null,feature_film,6536196
0,1574515,MO,en,Null,feature_film,6636338
0,1570613,MO,en,Null,feature_film,4629041
0,1543783,MO,en,Null,feature_film,5850179
0,1560263,MO,en,Null,feature_film,5265760
0,1550852,MO,en,Null,feature_film,4611792
0,1550855,MO,en,Null,feature_film,6619416
0,1560331,MO,en,Null,feature_film,5313632
0,1538778,MO,en,Null,feature_film,5260255
0,1543806,MO,en,Null,feature_film,5182594
0,1543805,MO,en,Null,feature_film,5301337
0,1543810,MO,en,Null,feature_film,5340918
0,1543801,MO,en,Null,feature_film,5487940
0,1543801,MO,en,Null,feature_film,5487940
0,1538982,MO,en,Null,feature_film,5072776
0,1543800,MO,en,Null,feature_film,5040410
0,1543800,MO,en,Null,feature_film,5040410
0,1543807,MO,en,Null,feature_film,5184517
0,1536458,MO,en,Null,feature_film,5197113
0,1536458,MO,en,Null,feature_film,5197113
0,1543797,MO,en,Null,feature_film,5880916
0,1544101,MO,en,Null,feature_film,5489484
0,1538981,MO,en,Null,feature_film,5123952
0,1543794,MO,en,Null,feature_film,4937641
0,1533726,MO,en,Null,feature_film,10899688
0,1533545,MO,en,Null,feature_film,11259014
0,1531504,MO,en,Null,feature_film,5920628
0,1534131,MO,en,Null,feature_film,7082409
0,1536773,MO,en,Null,feature_film,6955574
0,1537172,MO,en,Null,feature_film,5148269
0,1536200,MO,en,Null,feature_film,4497493
0,1536201,MO,en,Null,feature_film,6322275
0,1536774,MO,en,Null,feature_film,3680094
0,1561567,MO,en,Null,feature_film,6970922
0,1550835,MO,en,Null,feature_film,5608978
0,1550835,MO,en,Null,feature_film,5608978
0,1531544,MO,fa,Null,feature_film,6429214
0,1530490,MO,fr,Null,feature_film,6428171
0,1526383,MO,en,Null,feature_film,5393988
0,1528963,MO,en,Null,feature_film,8499792
0,1560497,MO,en,Null,feature_film,5283069
0,1560497,MO,en,Null,feature_film,5283069
0,1525401,MO,en,Null,feature_film,5234996
0,1531628,MO,en,Null,feature_film,6434187
0,1529141,MO,en,Null,feature_film,5324040
0,1565796,MO,en,Null,feature_film,7226351
0,1562797,MO,en,Null,feature_film,5663616
0,1562797,MO,en,Null,feature_film,5663616
0,1559397,MO,en,Null,feature_film,6334494
0,1559399,MO,en,Null,feature_film,7246032
0,1559391,MO,en,Null,feature_film,6772432
0,1559391,MO,en,Null,feature_film,6772432
0,1528690,MO,en,Null,feature_film,5027397
0,1559389,MO,en,Null,feature_film,7008418
0,1559390,MO,en,Null,feature_film,7212413
0,1559423,MO,en,Null,feature_film,7420538
0,1547984,MO,en,Null,feature_film,7397181
0,1523566,MO,no,Null,feature_film,6310721
0,1524720,MO,en,Null,feature_film,4880922
0,1559387,MO,en,Null,feature_film,6727637
0,1520221,MO,en,Null,feature_film,4566895
0,1527416,MO,en,Null,feature_film,5496000
0,1544326,MO,en,Null,feature_film,6090344
0,1527420,MO,en,Null,feature_film,5561232
0,1544134,MO,en,Null,feature_film,5934291
0,1524719,MO,ja,Null,feature_film,5580914
0,1530520,MO,en,Null,feature_film,4802260
0,1524715,MO,en,Null,feature_film,5583917
0,1524717,MO,en,Null,feature_film,4337253
0,1524718,MO,en,Null,feature_film,4770437
0,1538204,MO,en,Null,feature_film,6247122
0,1538204,MO,en,Null,feature_film,6247122
0,1514676,MO,is,Null,feature_film,5874326
0,1514662,MO,fr,Null,feature_film,5387240
0,1514675,MO,fr,Null,feature_film,5520348
0,1543793,MO,en,Null,feature_film,7809051
0,1514157,MO,he,Null,feature_film,6578738
0,1514674,MO,en,Null,feature_film,5783152
0,1514131,MO,ar,Null,feature_film,5839917
0,1527409,MO,en,Null,feature_film,7327361
0,1514156,MO,en,Null,feature_film,5567770
0,1540190,MO,en,Null,feature_film,5481684
0,1514155,MO,es,Null,feature_film,6358018
0,1514063,MO,en,Null,feature_film,5548834
0,1514121,MO,en,Null,feature_film,4635881
0,1514115,MO,es,Null,feature_film,5354807
0,1514113,MO,es,Null,feature_film,5366402
0,1523948,MO,en,Null,feature_film,5460246
0,1523948,MO,en,Null,feature_film,5460246
0,1529142,MO,it,Null,feature_film,7485436
0,1514103,MO,fr,Null,feature_film,8391091
0,1514110,MO,en,Null,feature_film,5236022
0,1514108,MO,fr,Null,feature_film,5610980
0,1513918,MO,de,Null,feature_film,7721130
0,1514107,MO,en,Null,feature_film,5278398
0,1514109,MO,en,Null,feature_film,5835871
0,1536694,MO,es,Null,feature_film,6690934
0,1536694,MO,es,Null,feature_film,6690934
0,1533677,MO,en,Null,feature_film,5683135
0,1527426,MO,en,Null,feature_film,6044381
0,1538431,MO,en,Null,feature_film,5900270
0,1512699,MO,en,Null,feature_film,5344260
0,1512702,MO,en,Null,feature_film,5868868
0,1513043,MO,en,Null,feature_film,5478473
0,1511359,MO,es,Null,feature_film,6562681
0,1512620,MO,en,Null,feature_film,5666960
0,1511358,MO,en,Null,feature_film,5845339
0,1513547,MO,fr,Null,feature_film,5157277
0,1512622,MO,en,Null,feature_film,4910030
0,1512619,MO,ko,Null,feature_film,5139509
0,1512615,MO,en,Null,feature_film,5436472
0,1526903,MO,en,Null,feature_film,5029190
0,1510313,MO,en,Null,feature_film,5696273
0,1512616,MO,fr,Null,feature_film,4916661
0,1523330,MO,en,Null,feature_film,5563099
0,1526698,MO,en,Null,feature_film,7069527
0,1528119,MO,en,Null,feature_film,5424512
0,1527422,MO,en,Null,feature_film,7008432
0,1535577,MO,en,Null,feature_film,5436973
0,1513543,MO,is,Null,feature_film,6356516
0,1513545,MO,en,Null,feature_film,6077112
0,1541101,MO,en,Null,feature_film,7251077
0,1538207,MO,en,Null,feature_film,7145888
0,1512613,MO,en,Null,feature_film,6952737
0,1512611,MO,en,Null,feature_film,4924044
0,1534224,MO,en,Null,feature_film,5997459
0,1532816,MO,en,Null,feature_film,7107568
0,1527423,MO,en,Null,feature_film,8843472
0,1536217,MO,it,Null,feature_film,6182182
0,1537378,MO,en,Null,feature_film,5672589
0,1527417,MO,en,Null,feature_film,7357992
0,1536213,MO,en,Null,feature_film,6770690
0,1536214,MO,en,Null,feature_film,4806600
0,1536216,MO,en,Null,feature_film,5405080
0,1536215,MO,en,Null,feature_film,5110855
0,1539462,MO,en,Null,feature_film,5831325
0,1501045,MO,en,Null,feature_film,5103598
0,1500749,MO,en,Null,feature_film,6571189
0,1507676,MO,en,Null,feature_film,5766802
0,1515213,MO,en,Null,feature_film,5471930
0,1538430,MO,en,Null,feature_film,3633761
0,1537169,MO,en,Null,feature_film,6720798
0,1539812,MO,en,Null,feature_film,5175671
0,1537174,MO,en,Null,feature_film,6221508
0,1537170,MO,en,Null,feature_film,5054174
0,1537170,MO,en,Null,feature_film,5054174
0,1537168,MO,en,Null,feature_film,5468504
0,1536775,MO,en,Null,feature_film,4976013
0,1538591,MO,en,Null,feature_film,5661073
0,1512163,MO,en,Null,feature_film,5233312
0,1512163,MO,en,Null,feature_film,5233312
0,1512006,MO,en,Null,feature_film,5205600
0,1514701,MO,en,Null,feature_film,6289918
0,1514702,MO,en,Null,feature_film,6255550
0,1484441,MO,en,Null,feature_film,5814767
0,1483746,MO,en,Null,feature_film,5925961
0,1514700,MO,en,Null,feature_film,5718055
0,1528028,MO,de,Null,feature_film,8953194
0,1538983,MO,en,Null,feature_film,5569438
0,1496608,MO,en,Null,feature_film,5045045
0,1492615,MO,en,Null,feature_film,6175633
0,1496603,MO,en,Null,feature_film,6866985
0,1536199,MO,en,Null,feature_film,4713792
0,1477689,MO,en,Null,feature_film,5103014
0,1493288,MO,en,Null,feature_film,5600684
0,1544190,MO,en,Null,feature_film,5106935
0,1536772,MO,en,Null,feature_film,4903608
0,1493283,MO,en,Null,feature_film,7946438
0,1543798,MO,en,Null,feature_film,5020183
0,1537171,MO,en,Null,feature_film,4799545
0,1479390,MO,en,Null,feature_film,6567602
0,1476675,MO,en,Null,feature_film,6241568
0,1561566,MO,en,Null,feature_film,3856819
0,1482070,MO,en,Null,feature_film,8024316
0,1559386,MO,en,Null,feature_film,5012090
0,1559394,MO,en,Null,feature_film,5116736
0,1559383,MO,en,Null,feature_film,5012924
0,1559383,MO,en,Null,feature_film,5012924
0,1559381,MO,en,Null,feature_film,5265093
0,1483747,MO,en,Null,feature_film,6741860
0,1482695,MO,en,Null,feature_film,5004264
0,1478419,MO,en,Null,feature_film,7613154
0,1478419,MO,en,Null,feature_film,7613154
0,1476661,MO,en,Null,feature_film,5087587
0,1522028,MO,en,Null,feature_film,5403384
0,1478422,MO,en,Null,feature_film,3065979
0,1522024,MO,en,Null,feature_film,4723636
0,1522020,MO,en,Null,feature_film,5627592
0,1476552,MO,en,Null,feature_film,989905
0,1476553,MO,en,Null,feature_film,1292165
0,1485523,MO,en,Null,feature_film,5242920
0,1479878,MO,en,Null,feature_film,6616416
0,1538202,MO,en,Null,feature_film,6135087
0,1469861,MO,en,Null,feature_film,5634597
0,1479872,MO,en,Null,feature_film,6478320
0,1483744,MO,en,Null,feature_film,5248451
0,1515212,MO,de,Null,feature_film,6030822
0,1479874,MO,en,Null,feature_film,7014696
0,1479875,MO,en,Null,feature_film,5854275
0,1479876,MO,en,Null,feature_film,5639064
0,1485522,MO,en,Null,feature_film,5890769
0,1465776,MO,en,Null,feature_film,5600678
0,1476656,MO,en,Null,feature_film,5034367
0,1512634,MO,en,Null,feature_film,5872622
0,1465042,MO,en,Null,feature_film,7258751
0,1476658,MO,en,Null,feature_film,5035032
0,1460086,MO,en,Null,feature_film,4931134
0,1470741,MO,sv,Null,feature_film,6612070
0,1546781,MO,sv,Null,feature_film,6350308
0,1491114,MO,en,Null,feature_film,5294215
0,1465799,MO,en,Null,feature_film,5076168
0,1470729,MO,en,Null,feature_film,5502455
0,1452695,MO,en,Null,feature_film,5012882
0,1465796,MO,en,Null,feature_film,6447792
0,1465794,MO,en,Null,feature_film,5746125
0,1465792,MO,en,Null,feature_film,5795760
0,1465778,MO,en,Null,feature_film,4657235
0,1451734,MO,en,Null,feature_film,7144178
0,1453331,MO,en,Null,feature_film,5926224
0,1453330,MO,en,Null,feature_film,5808687
0,1476651,MO,en,Null,feature_film,4306803
0,1470728,MO,en,Null,feature_film,5939350
0,1514102,MO,en,Null,feature_film,7050925
0,1514047,MO,en,Null,feature_film,5985819
0,1538624,MO,en,Null,feature_film,5239864
0,1461033,MO,en,Null,feature_film,5888138
0,1454655,MO,en,Null,feature_film,5309184
0,1454654,MO,en,Null,feature_film,5217384
0,1453328,MO,en,Null,feature_film,6675095
0,1466487,MO,en,Null,film_clip,7719712
0,1454388,MO,en,Null,feature_film,5746574
0,1453329,MO,en,Null,feature_film,7987280
0,1515053,MO,en,Null,feature_film,6469713
0,1445969,MO,en,Null,feature_film,7299600
0,1446590,MO,en,Null,feature_film,5476178
0,1453327,MO,en,Null,feature_film,5465520
0,1456002,MO,en,Null,feature_film,6649152
0,1453322,MO,en,Null,feature_film,6738158
0,1453324,MO,en,Null,feature_film,6562440
0,1453323,MO,en,Null,feature_film,6690072
0,1453326,MO,en,Null,feature_film,6223602
0,1453325,MO,en,Null,feature_film,6198994
0,1453332,MO,en,Null,feature_film,5413418
0,1533133,MO,es,Null,feature_film,4485481
0,1440117,MO,en,Null,feature_film,4474803
0,1442932,MO,en,Null,feature_film,5083078
0,1442934,MO,en,Null,feature_film,4587124
0,1441410,MO,en,Null,feature_film,5263007
0,1438428,MO,en,Null,feature_film,4703907
0,1438427,MO,en,Null,feature_film,4242571
0,1438427,MO,en,Null,feature_film,4242571
0,1482696,MO,en,Null,feature_film,6198150
0,1461364,MO,en,Null,feature_film,5273952
0,1439369,MO,en,Null,feature_film,5178970
0,1444163,MO,en,Null,feature_film,5708709
0,1431667,MO,en,Null,feature_film,5476512
0,1450825,MO,en,Null,feature_film,6479514
0,1452694,MO,en,Null,feature_film,6791583
0,1479391,MO,en,Null,feature_film,5376955
0,1466485,MO,en,Null,feature_film,4699861
0,1448304,MO,en,Null,feature_film,6004999
0,1439731,MO,en,Null,feature_film,5498784
0,1485122,MO,en,Null,feature_film,5600767
0,1454389,MO,en,Null,feature_film,4904256
0,1425214,MO,en,Null,feature_film,6780940
0,1423552,MO,en,Null,feature_film,4909696
0,1470740,MO,en,Null,feature_film,7289240
0,1424441,MO,en,Null,feature_film,4832244
0,1433812,MO,en,Null,feature_film,5717638
0,1433808,MO,en,Null,feature_film,7227313
0,1433806,MO,en,Null,feature_film,6727021
0,1433807,MO,en,Null,feature_film,6439872
0,1575269,MO,en,Null,feature_film,6397188
0,1575269,MO,en,Null,feature_film,6397188
0,1575269,MO,en,Null,feature_film,6397188
0,1575271,MO,en,Null,feature_film,6199276
0,1461029,MO,en,Null,feature_film,6156733
0,1461027,MO,en,Null,feature_film,5002998
0,1461028,MO,en,Null,feature_film,5396182
0,1478423,MO,en,Null,feature_film,5490485
0,1461303,MO,en,Null,feature_film,5599051
0,1443820,MO,en,Null,feature_film,4724040
0,1461032,MO,en,Null,feature_film,5748784
0,1461032,MO,en,Null,feature_film,5748784
0,1461032,MO,en,Null,feature_film,5748784
0,1431838,MO,en,Null,feature_film,5557176
0,1433648,MO,en,Null,feature_film,4883753
0,1433810,MO,en,Null,feature_film,6619539
0,1434246,MO,en,Null,feature_film,5341753
0,1423529,MO,en,Null,feature_film,5507835
0,1424291,MO,en,Null,feature_film,4685681
0,1439725,MO,en,Null,feature_film,5792625
0,1483749,MO,en,Null,feature_film,6129498
0,1483743,MO,en,Null,feature_film,5001789
0,1483748,MO,fr,Null,feature_film,5334412
0,1470732,MO,en,Null,feature_film,5408955
0,1470735,MO,en,Null,feature_film,5380301
0,1470737,MO,en,Null,feature_film,5011298
0,1431832,MO,it,Null,feature_film,5643096
0,1454386,MO,en,Null,feature_film,4264677
0,1431833,MO,it,Null,feature_film,6461679
0,1449933,MO,en,Null,feature_film,5338959
0,1454385,MO,en,Null,feature_film,4676339
0,1446284,MO,en,Null,feature_film,4248620
0,1438921,MO,en,Null,feature_film,5139269
0,1438924,MO,en,Null,feature_film,4238424
0,1438919,MO,en,Null,feature_film,5371042
0,1431904,MO,en,Null,feature_film,6121169
0,1431829,MO,en,Null,feature_film,3668297
0,1443407,MO,en,Null,feature_film,4888520
0,1431831,MO,en,Null,feature_film,4935977
0,1431843,MO,en,Null,feature_film,5113113
0,1431845,MO,en,Null,feature_film,5196041
0,1412758,MO,en,Null,feature_film,6783777
0,1431830,MO,hr,Null,feature_film,4933536
0,1413996,MO,en,Null,feature_film,5759628
0,1412632,MO,en,Null,feature_film,6469723
0,1431828,MO,sv,Null,feature_film,6096916
0,1432915,MO,en,Null,feature_film,5343463
0,1434244,MO,pt,Null,feature_film,4219423
0,1428185,MO,en,Null,feature_film,5978263
0,1419009,MO,en,Null,feature_film,5394389
0,1439729,MO,en,Null,feature_film,5303172
0,1415665,MO,en,Null,feature_film,6871573
0,1414957,MO,en,Null,feature_film,6441361
0,1443317,MO,en,Null,feature_film,5740735
0,1444108,MO,fr,Null,feature_film,5109896
0,1450214,MO,es,Null,feature_film,5009587
0,1419700,MO,en,Null,feature_film,8669379
0,1424486,MO,en,Null,feature_film,5884879
0,1438916,MO,en,Null,feature_film,4369240
0,1438920,MO,en,Null,feature_film,5437599
0,1438918,MO,en,Null,feature_film,5765968
0,1438918,MO,en,Null,feature_film,5765968
0,1438996,MO,en,Null,feature_film,5364902
0,1439049,MO,en,Null,feature_film,3925584
0,1438917,MO,en,Null,feature_film,3950736
0,1405564,MO,en,Null,feature_film,5422750
0,1439065,MO,en,Null,feature_film,6007678
0,1414959,MO,en,Null,feature_film,4258488
0,1403677,MO,en,Null,feature_film,5069939
0,1403677,MO,en,Null,feature_film,5069939
0,1439730,MO,en,Null,feature_film,5011011
0,1408119,MO,en,Null,feature_film,4718176
0,1403043,MO,en,Null,feature_film,6278188
0,1403045,MO,en,Null,feature_film,5253248
0,1403039,MO,en,Null,feature_film,4944606
0,1403038,MO,en,Null,feature_film,6981432
0,1403036,MO,en,Null,feature_film,3562183
0,1414956,MO,en,Null,feature_film,5842137
0,1412618,MO,en,Null,feature_film,5252836
0,1404269,MO,en,Null,feature_film,4772601
0,1428192,MO,en,Null,feature_film,7208701
0,1449934,MO,ja,Null,feature_film,7248998
0,1399852,MO,en,Null,feature_film,5574576
0,1412615,MO,en,Null,feature_film,5267637
0,1412619,MO,en,Null,feature_film,5112404
0,1528025,MO,en,Null,feature_film,5162782
0,1401274,MO,en,Null,feature_film,5140019
0,1401272,MO,en,Null,feature_film,5720891
0,1401273,MO,en,Null,feature_film,6005009
0,1401271,MO,en,Null,feature_film,6020024
0,1401359,MO,en,Null,feature_film,5846559
0,1413194,MO,en,Null,feature_film,4778080
0,1411949,MO,es,Null,feature_film,5443943
0,1402509,MO,en,Null,feature_film,5431139
0,1411622,MO,es,Null,feature_film,5401317
0,1402507,MO,en,Null,feature_film,5389431
0,1411621,MO,es,Null,feature_film,5959626
0,1402505,MO,en,Null,feature_film,5952619
0,1402505,MO,en,Null,feature_film,5952619
0,1411620,MO,es,Null,feature_film,5086753
0,1402590,MO,en,Null,feature_film,5087253
0,1411948,MO,es,Null,feature_film,5010135
0,1411948,MO,es,Null,feature_film,5010135
0,1404266,MO,en,Null,feature_film,5003878
0,1441445,MO,en,Null,feature_film,4618034
0,1441444,MO,en,Null,feature_film,4687687
0,1407324,MO,en,Null,feature_film,6193947
0,1402501,MO,en,Null,feature_film,7681767
0,1402499,MO,en,Null,feature_film,7833961
0,1402498,MO,en,Null,feature_film,8251044
0,1402496,MO,en,Null,feature_film,5579792
0,1402495,MO,en,Null,feature_film,6013944
0,1400355,MO,en,Null,feature_film,5736360
0,1402492,MO,en,Null,feature_film,6157800
0,1402437,MO,en,Null,feature_film,5176944
0,1391870,MO,en,Null,feature_film,6192456
0,1398266,MO,en,Null,feature_film,5343921
0,1402436,MO,en,Null,feature_film,6895608
0,1407335,MO,en,Null,feature_film,6294888
0,1388225,MO,en,Null,feature_film,4989442
0,1401383,MO,en,Null,feature_film,5290744
0,1401309,MO,en,Null,feature_film,5348801
0,1398980,MO,en,Null,feature_film,5014509
0,1393217,MO,en,Null,feature_film,5285697
0,1401318,MO,en,Null,feature_film,6145430
0,1398267,MO,en,Null,feature_film,5346299
0,1451036,MO,en,Null,feature_film,6453453
0,1526697,MO,en,Null,feature_film,5393018
0,1470738,MO,no,Null,feature_film,6490990
0,1470738,MO,no,Null,feature_film,6490990
0,1503808,MO,en,Null,feature_film,5422421
0,1415666,MO,en,Null,feature_film,6096631
0,1533758,MO,en,Null,feature_film,4925716
0,1391871,MO,en,Null,feature_film,5270098
0,1393160,MO,en,Null,feature_film,5904440
0,1377839,MO,en,Null,feature_film,5772558
0,1394476,MO,en,Null,feature_film,7257843
0,1386608,MO,en,Null,feature_film,5285321
0,1394152,MO,en,Null,feature_film,4583440
0,1393214,MO,en,Null,feature_film,4434476
0,1393215,MO,en,Null,feature_film,4510552
0,1394475,MO,en,Null,feature_film,6022359
0,1401315,MO,en,Null,feature_film,5652688
0,1398338,MO,en,Null,feature_film,6788955
0,1404225,MO,en,Null,feature_film,5565935
0,1371731,MO,en,Null,feature_film,7063399
0,1465777,MO,en,Null,feature_film,5212796
0,1399857,MO,en,Null,feature_film,5886480
0,1423433,MO,en,Null,feature_film,5679144
0,1374853,MO,en,Null,feature_film,5176944
0,1371730,MO,en,Null,feature_film,8116536
0,1371666,MO,en,Null,feature_film,6057436
0,1401311,MO,en,Null,feature_film,4579866
0,1383799,MO,en,Null,feature_film,5499368
0,1373963,MO,en,Null,feature_film,5376412
0,1371729,MO,en,Null,feature_film,6789626
0,1371667,MO,en,Null,feature_film,4979693
0,1371017,MO,en,Null,feature_film,5602722
0,1371675,MO,en,Null,feature_film,5877423
0,1402600,MO,en,Null,feature_film,5826076
0,1386606,MO,en,Null,feature_film,6006041
0,1386604,MO,en,Null,feature_film,5559554
0,1386607,MO,en,Null,feature_film,5162532
0,1386605,MO,en,Null,feature_film,6296331
0,1381701,MO,en,Null,feature_film,5615651
0,1399853,MO,en,Null,feature_film,5793792
0,1401314,MO,en,Null,feature_film,6343802
0,1393426,MO,en,Null,feature_film,5393304
0,1381639,MO,en,Null,feature_film,5477722
0,1381775,MO,en,Null,feature_film,5228223
0,1381638,MO,en,Null,feature_film,5435972
0,1381636,MO,en,Null,feature_film,5256292
0,1381634,MO,en,Null,feature_film,5062850
0,1381637,MO,en,Null,feature_film,5201571
0,1381633,MO,en,Null,feature_film,5290618
0,1381635,MO,en,Null,feature_film,5545623
0,1381632,MO,en,Null,feature_film,5164117
0,1381630,MO,en,Null,feature_film,5393221
0,1381628,MO,en,Null,feature_film,5129499
0,1381629,MO,en,Null,feature_film,5312265
0,1381631,MO,en,Null,feature_film,5403356
0,1381627,MO,en,Null,feature_film,5034571
0,1381622,MO,en,Null,feature_film,5227180
0,1381623,MO,en,Null,feature_film,5068730
0,1381626,MO,en,Null,feature_film,5231184
0,1381621,MO,en,Null,feature_film,5159154
0,1381625,MO,en,Null,feature_film,5600345
0,1381624,MO,en,Null,feature_film,5317186
0,1412517,MO,en,Null,feature_film,4596596
0,1365066,MO,en,Null,feature_film,7750284
0,1365094,MO,en,Null,feature_film,5372116
0,1377102,MO,en,Null,feature_film,5425128
0,1374831,MO,en,Null,feature_film,4813725
0,1447318,MO,en,Null,feature_film,5969672
0,1376287,MO,en,Null,feature_film,5755536
0,1382450,MO,en,Null,feature_film,6489456
0,1368205,MO,fr,Null,feature_film,7811386
0,1362855,MO,en,Null,feature_film,5157485
0,1369731,MO,fr,Null,feature_film,5706784
0,1369592,MO,en,Null,feature_film,7814680
0,1369571,MO,en,Null,feature_film,5860854
0,1371800,MO,en,Null,feature_film,5943187
0,1398382,MO,en,Null,feature_film,5403504
0,1362373,MO,en,Null,clip,2502360
0,1362373,MO,en,Null,clip,2502360
0,1368206,MO,en,Null,feature_film,6288282
0,1375491,MO,en,Null,feature_film,4491920
0,1371802,MO,en,Null,feature_film,4416499
0,1360490,MO,en,Null,feature_film,5109960
0,1356125,MO,en,Null,feature_film,4958750
0,1369570,MO,en,Null,feature_film,6080657
0,1357810,MO,en,Null,feature_film,5400353
0,1401957,MO,en,Null,feature_film,5538480
0,1362946,MO,en,Null,feature_film,6301545
0,1360491,MO,en,Null,feature_film,5659862
0,1360489,MO,en,Null,feature_film,5305258
0,1360488,MO,en,Null,feature_film,4981476
0,1360486,MO,en,Null,feature_film,6634000
0,1374081,MO,en,Null,feature_film,4326364
0,1353923,MO,en,Null,clip,244640
0,1353924,MO,en,Null,clip,346971
0,1353919,MO,en,Null,clip,294680
0,1353921,MO,en,Null,clip,299549
0,1353922,MO,en,Null,clip,258716
0,1353917,MO,en,Null,clip,249600
0,1353920,MO,en,Null,clip,309058
0,1353918,MO,en,Null,clip,229520
0,1380933,MO,en,Null,feature_film,6010343
0,1359456,MO,en,Null,feature_film,5636011
0,1373895,MO,en,Null,feature_film,6166625
0,1359454,MO,en,Null,feature_film,5546296
0,1359452,MO,en,Null,feature_film,5439815
0,1353780,MO,en,Null,feature_film,1382424
0,1353778,MO,en,Null,feature_film,1382424
0,1353974,MO,en,Null,feature_film,5980275
0,1353779,MO,en,Null,feature_film,1382424
0,1454381,MO,en,Null,feature_film,4505839
0,1398262,MO,en,Null,feature_film,5629295
0,1369508,MO,en,Null,feature_film,6393387
0,1351453,MO,en,Null,feature_film,5932436
0,1357807,MO,en,Null,feature_film,6150561
0,1359451,MO,en,Null,feature_film,5256840
0,1374826,MO,is,Null,feature_film,5322864
0,1357805,MO,en,Null,feature_film,5344010
0,1357808,MO,en,Null,feature_film,5620328
0,1359449,MO,en,Null,feature_film,5784285
0,1355929,MO,en,Null,feature_film,5277355
0,1355929,MO,en,Null,feature_film,5277355
0,1355158,MO,en,Null,feature_film,5779815
0,1439820,MO,da,Null,feature_film,5305597
0,1439820,MO,da,Null,feature_film,5305597
0,1395754,MO,en,Null,feature_film,5914242
0,1401317,MO,en,Null,feature_film,5828030
0,1398505,MO,en,Null,feature_film,5204472
0,1412718,MO,en,Null,feature_film,5350637
0,1409893,MO,en,Null,feature_film,5708620
0,1398264,MO,en,Null,feature_film,5296916
0,1386609,MO,en,Null,feature_film,5382544
0,1386609,MO,en,Null,feature_film,5382544
0,1398389,MO,en,Null,feature_film,5050797
0,1374852,MO,en,Null,feature_film,5213292
0,1381702,MO,en,Null,feature_film,6737280
0,1393029,MO,en,Null,feature_film,5518763
0,1337853,MO,en,Null,feature_film,4704662
0,1348873,MO,en,Null,feature_film,4789789
0,1353035,MO,en,Null,feature_film,6058761
0,1328802,MO,en,Null,feature_film,4509963
0,1329653,MO,en,Null,feature_film,6045748
0,1328810,MO,en,Null,feature_film,5558187
0,1349910,MO,en,Null,feature_film,5193952
0,1353036,MO,en,Null,feature_film,5183428
0,1368208,MO,en,Null,feature_film,6646848
0,1330330,MO,en,Null,feature_film,8016936
0,1326641,MO,en,Null,feature_film,4816895
0,1330337,MO,en,Null,feature_film,5953540
0,1330335,MO,en,Null,feature_film,6300971
0,1330331,MO,en,Null,feature_film,5515937
0,1328123,MO,en,Null,feature_film,7132344
0,1393219,MO,en,Null,feature_film,4865031
0,1375487,MO,en,Null,feature_film,5917417
0,1332604,MO,en,Null,feature_film,6035487
0,1353037,MO,en,Null,feature_film,5716377
0,1337795,MO,vi,Null,feature_film,6269763
0,1344398,MO,en,Null,feature_film,5584328
0,1361218,MO,en,Null,feature_film,4513520
0,1391869,MO,en,Null,feature_film,5381000
0,1327742,MO,en,Null,feature_film,6631666
0,1341429,MO,en,Null,feature_film,5555383
0,1326639,MO,en,Null,feature_film,5613649
0,1326637,MO,en,Null,feature_film,5948484
0,1322459,MO,en,Null,feature_film,6482544
0,1321457,MO,ja,Null,feature_film,6482544
0,1413208,MO,en,Null,feature_film,5197443
0,1413208,MO,en,Null,feature_film,5197443
0,1323110,MO,it,Null,feature_film,7057258
0,1417830,MO,en,Null,feature_film,5609943
0,1327741,MO,en,Null,feature_film,5612780
0,1332602,MO,en,Null,feature_film,6929496
0,1323509,MO,en,Null,feature_film,5596930
0,1316072,MO,en,Null,feature_film,5005680
0,1312732,MO,en,Null,feature_film,7269024
0,1381654,MO,en,Null,feature_film,4940544
0,1323868,MO,en,Null,feature_film,6721172
0,1306885,MO,ko,Null,feature_film,7804796
0,1315458,MO,en,Null,feature_film,5456534
0,1319811,MO,en,Null,feature_film,4854015
0,1315452,MO,en,Null,feature_film,5576946
0,1308244,MO,en,Null,feature_film,6383585
0,1315454,MO,en,Null,feature_film,5653689
0,1399069,MO,en,Null,feature_film,6567560
0,1352173,MO,en,Null,feature_film,5090335
0,1305794,MO,en,Null,feature_film,4684184
0,1352134,MO,en,Null,feature_film,5613363
0,1300881,MO,en,Null,feature_film,5540868
0,1407336,MO,en,Null,feature_film,5408742
0,1313440,MO,en,Null,feature_film,7260795
0,1303158,MO,en,Null,feature_film,5877339
0,1303080,MO,en,Null,feature_film,4418247
0,1309102,MO,en,Null,feature_film,2915315
0,1309071,MO,en,Null,feature_film,7615242
0,1303723,MO,en,Null,feature_film,5701070
0,1311141,MO,en,Null,feature_film,6112898
0,1357618,MO,da,Null,feature_film,4858937
0,1400102,MO,en,Null,feature_film,5544872
0,1381001,MO,da,Null,feature_film,5806634
0,1298677,MO,en,Null,feature_film,5394388
0,1298670,MO,en,Null,feature_film,5697566
0,1298668,MO,en,Null,feature_film,5750494
0,1302099,MO,en,Null,feature_film,6586580
0,1400548,MO,en,Null,feature_film,4954032
0,1303725,MO,fr,Null,feature_film,6198775
0,1381002,MO,da,Null,feature_film,7196105
0,1323085,MO,pl,Null,feature_film,4948234
0,1298672,MO,en,Null,feature_film,5446732
0,1298671,MO,en,Null,feature_film,4704783
0,1381003,MO,da,Null,feature_film,6702529
0,1298666,MO,ro,Null,feature_film,5341419
0,1317023,MO,tr,Null,feature_film,5812890
0,1401320,MO,fr,Null,feature_film,5892928
0,1298382,MO,en,Null,feature_film,8750626
0,1298536,MO,en,Null,feature_film,2705202
0,1315449,MO,en,Null,feature_film,5088083
0,1303680,MO,en,Null,feature_film,2660866
0,1351315,MO,en,Null,feature_film,5893852
0,1351314,MO,en,Null,feature_film,5537490
0,1322709,MO,en,Null,feature_film,5503122
0,1300199,MO,en,Null,feature_film,4895080
0,1298367,MO,en,Null,feature_film,4377200
0,1308982,MO,en,Null,feature_film,4623672
0,1316815,MO,en,Null,feature_film,5732208
0,1302771,MO,en,Null,feature_film,5136130
0,1351317,MO,en,Null,feature_film,5099344
0,1293403,MO,en,Null,feature_film,5195190
0,1281317,MO,ja,Null,feature_film,7204704
0,1298650,MO,en,Null,feature_film,6471923
0,1323064,MO,zh,Null,feature_film,6848098
0,1303745,MO,ko,Null,feature_film,8391684
0,1293404,MO,zh,Null,feature_film,6764849
0,1281315,MO,en,Null,feature_film,7290074
0,1309166,MO,en,Null,feature_film,8080413
0,1287249,MO,en,Null,feature_film,3998088
0,1287249,MO,en,Null,feature_film,3998088
0,1287657,MO,en,Null,feature_film,2629344
0,1285055,MO,en,Null,feature_film,7875159
0,1284184,MO,en,Null,feature_film,2701536
0,1284183,MO,en,Null,feature_film,4088976
0,1293395,MO,en,Null,feature_film,4512424
0,1290060,MO,en,Null,feature_film,7118080
0,1284128,MO,en,Null,feature_film,9270187
0,1312814,MO,ja,Null,feature_film,7808884
0,1282624,MO,en,Null,feature_film,5124129
0,1276606,MO,en,Null,feature_film,6214499
0,1276606,MO,en,Null,feature_film,6214499
0,1284123,MO,en,Null,feature_film,5619614
0,1281397,MO,en,Null,feature_film,5318104
0,1288445,MO,en,Null,feature_film,6390288
0,1276607,MO,en,Null,feature_film,7198072
0,1271526,MO,en,Null,feature_film,7204704
0,1271527,MO,ja,Null,feature_film,7204800
0,1271500,MO,en,Null,feature_film,4281216
0,1263442,MO,en,Null,feature_film,5366320
0,1293398,MO,en,Null,feature_film,4743572
0,1308247,MO,en,Null,feature_film,5822572
0,1352136,MO,fr,Null,feature_film,5045253
0,1263527,MO,en,Null,feature_film,5115350
0,1258807,MO,en,Null,feature_film,7505598
0,1259954,MO,en,Null,feature_film,5561348
0,1261882,MO,en,Null,feature_film,5349802
0,1277160,MO,en,Null,feature_film,5049002
0,1277157,MO,en,Null,feature_film,4618989
0,1277158,MO,en,Null,feature_film,2920834
0,1277150,MO,en,Null,feature_film,4565018
0,1271374,MO,en,Null,feature_film,5248201
0,1273168,MO,en,Null,feature_film,4916912
0,1263597,MO,en,Null,feature_film,6625545
0,1261885,MO,en,Null,feature_film,5519904
0,1261883,MO,en,Null,feature_film,5196576
0,1263596,MO,en,Null,feature_film,4900572
0,1281387,MO,en,Null,feature_film,5470921
0,1263489,MO,en,Null,feature_film,5022320
0,1281384,MO,en,Null,feature_film,5203364
0,1255391,MO,en,Null,feature_film,5055592
0,1255389,MO,en,Null,feature_film,5959244
0,1256739,MO,en,Null,feature_film,4996413
0,1256016,MO,en,Null,feature_film,5092222
0,1309721,MO,en,Null,feature_film,5462040
0,1352202,MO,es,Null,feature_film,6695088
0,1308243,MO,en,Null,feature_film,7454424
0,1288397,MO,pt,Null,feature_film,6717192
0,1288396,MO,en,Null,feature_film,6885480
0,1271499,MO,en,Null,feature_film,5986176
0,1269226,MO,en,Null,feature_film,5169264
0,1279302,MO,en,Null,feature_film,5326368
0,1288441,MO,en,Null,feature_film,5241825
0,1337644,MO,en,Null,feature_film,5572155
0,1269126,MO,en,Null,feature_film,5906025
0,1252236,MO,en,Null,feature_film,5004332
0,1247083,MO,en,Null,feature_film,4948948
0,1247084,MO,en,Null,feature_film,4697897
0,1250474,MO,en,Null,feature_film,6149691
0,1275504,MO,en,Null,feature_film,4556973
0,1255108,MO,en,Null,feature_film,5360861
0,1256927,MO,en,Null,feature_film,6985735
0,1258801,MO,fr,Null,feature_film,8588088
0,1250475,MO,en,Null,feature_film,5966258
0,1244395,MO,en,Null,feature_film,5373252
0,1236032,MO,en,Null,feature_film,5396766
0,1237363,MO,ja,Null,feature_film,8474974
0,1238664,MO,en,Null,feature_film,5222926
0,1244387,MO,en,Null,feature_film,5978400
0,1240565,MO,en,Null,feature_film,6504289
0,1246816,MO,en,Null,feature_film,5267220
0,1244410,MO,en,Null,feature_film,6458587
0,1251199,MO,en,Null,feature_film,3759432
0,1275506,MO,en,Null,feature_film,5964597
0,1251303,MO,en,Null,feature_film,5875550
0,1256738,MO,en,Null,feature_film,5684352
0,1284410,MO,en,Null,feature_film,6302339
0,1251261,MO,en,Null,feature_film,5562807
0,1237574,MO,en,Null,feature_film,4754256
0,1237376,MO,en,Null,feature_film,4577664
0,1237375,MO,en,Null,feature_film,4771032
0,1298365,MO,en,Null,feature_film,5400048
0,1237374,MO,en,Null,feature_film,5649792
0,1258804,MO,en,Null,feature_film,5586378
0,1269366,MO,en,Null,feature_film,7066100
0,1258800,MO,en,Null,feature_film,5504790
0,1243579,MO,ja,Null,feature_film,5405448
0,1243580,MO,en,Null,feature_film,5343408
0,1303679,MO,en,Null,feature_film,5208786
0,1228767,MO,en,Null,feature_film,5850396
0,1248099,MO,en,Null,feature_film,6972006
0,1236383,MO,en,Null,feature_film,5512673
0,1236384,MO,en,Null,feature_film,6605599
0,1236385,MO,en,Null,feature_film,5573109
0,1245480,MO,en,Null,feature_film,6000995
0,1245472,MO,en,Null,feature_film,5507585
0,1245472,MO,en,Null,feature_film,5507585
0,1439745,MO,en,Null,feature_film,5608811
0,1232785,MO,en,Null,feature_film,5767970
0,1232738,MO,en,Null,feature_film,5962957
0,1232737,MO,en,Null,feature_film,5537990
0,1232735,MO,en,Null,feature_film,5853347
0,1232736,MO,en,Null,feature_film,5792995
0,1232736,MO,en,Null,feature_film,5792995
0,1232734,MO,en,Null,feature_film,5929882
0,1232733,MO,en,Null,feature_film,6688264
0,1232786,MO,en,Null,feature_film,5763507
0,1239727,MO,en,Null,feature_film,7181174
0,1239104,MO,en,Null,feature_film,7243236
0,1276600,MO,en,Null,feature_film,5583041
0,1252237,MO,en,Null,feature_film,5127163
0,1221266,MO,fi,Null,feature_film,6971688
0,1228392,MO,en,Null,feature_film,5069022
0,1320618,MO,en,Null,feature_film,6616241
0,1238665,MO,en,Null,feature_film,5329866
0,1240595,MO,en,Null,feature_film,4797334
0,1238778,MO,en,Null,feature_film,3363568
0,1222527,MO,en,Null,feature_film,5863863
0,1276604,MO,en,Null,feature_film,6004004
0,1228390,MO,en,Null,feature_film,5521001
0,1247480,MO,en,Null,feature_film,5790791
0,1247482,MO,en,Null,feature_film,4905401
0,1341423,MO,en,Null,feature_film,6294040
0,1228388,MO,en,Null,feature_film,5490241
0,1228382,MO,en,Null,feature_film,6605140
0,1228386,MO,en,Null,feature_film,7278278
0,1293396,MO,en,Null,feature_film,5498040
0,1238777,MO,en,Null,feature_film,5438808
0,1238668,MO,en,Null,feature_film,4333037
0,1262522,MO,en,Null,feature_film,6900393
0,1293959,MO,en,Null,feature_film,6359561
0,1228555,MO,en,Null,feature_film,5562223
0,1276599,MO,en,Null,feature_film,6329489
0,1269128,MO,de,Null,feature_film,6370036
0,1230736,MO,en,Null,feature_film,5467341
0,1315364,MO,en,Null,feature_film,5089798
0,1214965,MO,en,Null,feature_film,6754176
0,1234979,MO,zh,Null,feature_film,7396355
0,1222328,MO,zh,Null,feature_film,6574117
0,1223055,MO,ko,Null,feature_film,7420630
0,1214973,MO,en,Null,feature_film,4849896
0,1220014,MO,en,Null,feature_film,4583875
0,1228378,MO,en,Null,feature_film,5059387
0,1222522,MO,en,Null,feature_film,6304224
0,1222520,MO,en,Null,feature_film,4836360
0,1214113,MO,en,Null,feature_film,4999536
0,1225550,MO,en,Null,feature_film,8579112
0,1238667,MO,en,Null,feature_film,7019212
0,1214978,MO,en,Null,feature_film,5609854
0,1220746,MO,en,Null,feature_film,6717253
0,1206426,MO,ar,Null,feature_film,4037960
0,1220256,MO,en,Null,film_clip,5814308
0,1221484,MO,en,Null,feature_film,5477305
0,1220084,MO,en,Null,feature_film,5247951
0,1222521,MO,en,Null,feature_film,5825208
0,1210483,MO,en,Null,feature_film,5569272
0,1209843,MO,en,Null,feature_film,3219200
0,1209841,MO,en,Null,feature_film,3013960
0,1237268,MO,en,Null,feature_film,5749869
0,1209839,MO,en,Null,feature_film,2701080
0,1209842,MO,en,Null,feature_film,3126160
0,1209837,MO,en,Null,feature_film,3509120
0,1209836,MO,en,Null,feature_film,2713000
0,1209840,MO,en,Null,feature_film,3796000
0,1209838,MO,en,Null,feature_film,2708040
0,1209835,MO,en,Null,feature_film,3010040
0,1217926,MO,ko,Null,feature_film,8252044
0,1205049,MO,fr,Null,feature_film,6530136
0,1211460,MO,en,Null,feature_film,3284280
0,1247481,MO,en,Null,feature_film,5696570
0,1228380,MO,en,Null,feature_film,5234736
0,1205748,MO,en,Null,feature_film,6007215
0,1198084,MO,en,Null,feature_film,6410042
0,1312813,MO,en,Null,feature_film,5737398
0,1228556,MO,en,Null,feature_film,9078703
0,1220257,MO,en,Null,feature_film,6023231
0,1205038,MO,en,Null,feature_film,4841920
0,1205038,MO,en,Null,feature_film,4841920
0,1205037,MO,en,Null,feature_film,4018973
0,1205036,MO,en,Null,feature_film,5379707
0,1205034,MO,en,Null,feature_film,5561556
0,1205035,MO,en,Null,feature_film,4330576
0,1199094,MO,en,Null,feature_film,6007376
0,1205033,MO,en,Null,feature_film,8540657
0,1220745,MO,en,Null,feature_film,4835841
0,1198285,MO,en,Null,feature_film,6505165
0,1201741,MO,en,Null,feature_film,5712498
0,1255067,MO,en,Null,feature_film,5974635
0,1198275,MO,en,Null,feature_film,5995708
0,1198278,MO,de,Null,feature_film,6109160
0,1198279,MO,de,Null,feature_film,5222360
0,1198280,MO,da,Null,feature_film,4637440
0,1198280,MO,da,Null,feature_film,4637440
0,1198276,MO,en,Null,feature_film,5021604
0,1213054,MO,en,Null,feature_film,5378420
0,1198277,MO,en,Null,feature_film,5411327
0,1198281,MO,de,Null,feature_film,6067791
0,1222326,MO,en,Null,feature_film,5898189
0,1271501,MO,en,Null,feature_film,4707024
0,1205031,MO,en,Null,feature_film,4844448
0,1205045,MO,en,Null,feature_film,4946544
0,1205047,MO,en,Null,feature_film,4630776
0,1198282,MO,en,Null,feature_film,5741949
0,1205046,MO,en,Null,feature_film,5296392
0,1205048,MO,en,Null,feature_film,4524408
0,1190904,MO,en,Null,feature_film,6215716
0,1188219,MO,en,Null,feature_film,5772842
0,1193203,MO,en,Null,feature_film,5333568
0,1188217,MO,en,Null,feature_film,5325610
0,1402433,MO,en,Null,feature_film,5136405
0,1391872,MO,en,Null,feature_film,5330602
0,1188215,MO,en,Null,feature_film,5242517
0,1193210,MO,en,Null,feature_film,5311145
0,1188220,MO,en,Null,feature_film,4845162
0,1188218,MO,en,Null,feature_film,5335744
0,1216205,MO,en,Null,feature_film,5894805
0,1205749,MO,en,Null,feature_film,5876453
0,1205044,MO,en,Null,feature_film,5987356
0,1195093,MO,en,Null,feature_film,6151944
0,1197651,MO,en,Null,feature_film,5077656
0,1199507,MO,zh,Null,feature_film,7963005
0,1199507,MO,zh,Null,feature_film,7963005
0,1206403,MO,en,Null,feature_film,5935179
0,1226329,MO,en,Null,feature_film,6671184
0,1214068,MO,en,Null,feature_film,4953365
0,1214559,MO,en,Null,feature_film,5287078
0,1186490,MO,en,Null,feature_film,5801510
0,1188983,MO,en,Null,feature_film,5679721
0,1188642,MO,en,Null,feature_film,3694820
0,1183782,MO,en,Null,feature_film,5480771
0,1188737,MO,en,Null,feature_film,5642856
0,1201605,MO,en,Null,feature_film,5277397
0,1188108,MO,en,Null,feature_film,4732065
0,1191603,MO,nn,Null,feature_film,5727972
0,1185842,MO,en,Null,feature_film,6259127
0,1193951,MO,en,Null,feature_film,3383520
0,1188216,MO,en,Null,feature_film,5215552
0,1192117,MO,en,Null,feature_film,4793655
0,1178844,MO,en,Null,feature_film,5507465
0,1202121,MO,en,Null,feature_film,6230397
0,1182841,MO,en,Null,clip,2617381
0,1170629,MO,en,Null,feature_film,5554554
0,1182840,MO,en,Null,clip,2738435
0,1183430,MO,en,Null,film_clip,6176503
0,1194435,MO,en,Null,feature_film,4770532
0,1197131,MO,en,Null,feature_film,5936361
0,1190924,MO,en,Null,feature_film,6526575
0,1230737,MO,en,Null,feature_film,5735068
0,1179834,MO,en,Null,feature_film,6201168
0,1183427,MO,zh,Null,feature_film,5348307
0,1172999,MO,en,Null,feature_film,6445439
0,1172489,MO,en,Null,feature_film,4569694
0,1172516,MO,en,Null,feature_film,5467133
0,1220258,MO,en,Null,feature_film,5773231
0,1198293,MO,en,Null,feature_film,6025728
0,1193209,MO,en,Null,feature_film,4964964
0,1160795,MO,en,Null,feature_film,5717712
0,1226285,MO,en,Null,feature_film,6329291
0,1165869,MO,en,Null,feature_film,5339976
0,1197116,MO,en,Null,feature_film,5917913
0,1197116,MO,en,Null,feature_film,5917913
0,1167116,MO,en,Null,feature_film,6826659
0,1216211,MO,en,Null,feature_film,5267935
0,1179145,MO,en,Null,feature_film,5059434
0,1179145,MO,en,Null,feature_film,5059434
0,1165866,MO,en,Null,feature_film,6189312
0,1165865,MO,en,Null,feature_film,7244496
0,1158163,MO,en,Null,feature_film,5520850
0,1157770,MO,en,Null,feature_film,5624285
0,1172543,MO,en,Null,feature_film,6090757
0,1150846,MO,en,Null,feature_film,6069486
0,1156689,MO,en,Null,feature_film,2649980
0,1214556,MO,en,Null,feature_film,4737357
0,1213701,MO,en,Null,feature_film,4731643
0,1149076,MO,en,Null,feature_film,5861376
0,1183355,MO,en,Null,feature_film,6843002
0,1146141,MO,en,Null,feature_film,6028981
0,1147701,MO,en,Null,feature_film,5763813
0,1170588,MO,en,Null,feature_film,5590918
0,1154134,MO,en,Null,feature_film,4653523
0,1165890,MO,en,Null,feature_film,4370240
0,1165891,MO,en,Null,feature_film,5045707
0,1139603,MO,en,Null,feature_film,5565560
0,1150795,MO,en,Null,feature_film,6540492
0,1162574,MO,en,Null,feature_film,5933933
0,1197667,MO,en,Null,feature_film,6101101
0,1142073,MO,en,Null,feature_film,5634712
0,1146892,MO,en,Null,feature_film,7793619
0,1142581,MO,en,Null,feature_film,5549672
0,1193207,MO,en,Null,feature_film,6730198
0,1133123,MO,en,Null,feature_film,4276188
0,1133125,MO,en,Null,feature_film,5728389
0,1133122,MO,en,Null,feature_film,4306093
0,1133124,MO,en,Null,feature_film,5749201
0,1134201,MO,en,Null,feature_film,4934679
0,1146889,MO,en,Null,feature_film,5662573
0,1154317,MO,en,Null,feature_film,5237737
0,1146136,MO,en,Null,feature_film,5460093
0,1146135,MO,en,Null,feature_film,5647113
0,1126066,MO,en,Null,feature_film,6229640
0,1133822,MO,en,Null,feature_film,7290552
0,1126046,MO,en,Null,feature_film,11710740
0,1126046,MO,en,Null,feature_film,11710740
0,1126046,MO,en,Null,feature_film,11710740
0,1135303,MO,en,Null,feature_film,6153864
0,1174474,MO,en,Null,feature_film,4898981
0,1141367,MO,da,Null,feature_film,6718551
0,1127604,MO,en,Null,feature_film,4839000
0,1122745,MO,en,Null,feature_film,6634336
0,1122749,MO,en,Null,feature_film,4861773
0,1122715,MO,nl,Null,feature_film,5273142
0,1122741,MO,fr,Null,feature_film,4514968
0,1122740,MO,en,Null,feature_film,5228723
0,1114048,MO,en,Null,feature_film,5527563
0,1131819,MO,en,Null,feature_film,5427719
0,1122738,MO,en,Null,feature_film,5057761
0,1124751,MO,en,Null,feature_film,7508459
0,1122750,MO,en,Null,feature_film,6703530
0,1122734,MO,en,Null,feature_film,6186480
0,1122709,MO,es,Null,feature_film,5397058
0,1122730,MO,en,Null,feature_film,6772765
0,1122727,MO,en,Null,feature_film,4641053
0,1122694,MO,fr,Null,feature_film,8268093
0,1122726,MO,en,Null,feature_film,6265133
0,1122692,MO,ko,Null,feature_film,7504371
0,1109956,MO,en,Null,feature_film,5358227
0,1122723,MO,en,Null,feature_film,5203323
0,1122722,MO,en,Null,feature_film,4758420
0,1122689,MO,fr,Null,feature_film,5716836
0,1122719,MO,en,Null,feature_film,4854766
0,1106717,MO,en,Null,feature_film,4871413
0,1120269,MO,en,Null,feature_film,4744114
0,1140808,MO,en,Null,feature_film,5288367
0,1115169,MO,en,Null,feature_film,5533320
0,1110929,MO,en,Null,feature_film,5106696
0,1107380,MO,en,Null,feature_film,5119795
0,1106842,MO,en,Null,feature_film,4745713
0,1106808,MO,en,Null,feature_film,2968944
0,1106716,MO,en,Null,feature_film,4547139
0,1105057,MO,en,Null,feature_film,5763841
0,1106518,MO,en,Null,feature_film,5807176
0,1106487,MO,en,Null,feature_film,5333953
0,1105056,MO,en,Null,feature_film,3486858
0,1105302,MO,en,Null,feature_film,5152824
0,1150845,MO,en,Null,feature_film,4460544
0,1119622,MO,en,Null,feature_film,5348092
0,1094040,MO,en,Null,film_clip,1321600
0,1094039,MO,en,Null,film_clip,1454920
0,1119615,MO,en,Null,feature_film,4286824
0,1105819,MO,en,Null,feature_film,5531280
0,1105818,MO,en,Null,feature_film,6536664
0,1105817,MO,en,Null,feature_film,6599688
0,1156248,MO,en,Null,feature_film,6344838
0,1105816,MO,en,Null,feature_film,4977936
0,1105814,MO,en,Null,feature_film,6219672
0,1105812,MO,en,Null,feature_film,5741112
0,1105810,MO,en,Null,feature_film,6825792
0,1105807,MO,en,Null,feature_film,5983488
0,1105806,MO,en,Null,feature_film,5865336
0,1086874,MO,es,Null,feature_film,6348175
0,1081753,MO,en,Null,feature_film,5714458
0,1109467,MO,en,Null,feature_film,5468088
0,1082916,MO,en,Null,feature_film,5168204
0,1158162,MO,en,Null,feature_film,5199199
0,1106486,MO,en,Null,feature_film,4050713
0,1090523,MO,en,Null,feature_film,4783278
0,1083116,MO,en,Null,feature_film,5865744
0,1093527,MO,en,Null,feature_film,7857683
0,1084600,MO,en,Null,feature_film,4802184
0,1087259,MO,en,Null,feature_film,5138808
0,1070819,MO,en,Null,feature_film,6283568
0,1086233,MO,en,Null,feature_film,4752836
0,1074856,MO,en,Null,feature_film,5578072
0,1070985,MO,en,Null,feature_film,5241456
0,1139220,MO,en,Null,feature_film,6497282
0,1137501,MO,en,Null,feature_film,5286531
0,1055444,MO,en,Null,feature_film,5714016
0,1055442,MO,en,Null,feature_film,4916376
0,1055448,MO,en,Null,feature_film,6433824
0,1055446,MO,en,Null,feature_film,7137192
0,1055445,MO,en,Null,feature_film,6378768
0,1055515,MO,en,Null,feature_film,6083376
0,1039739,MO,en,Null,feature_film,7262136
0,1039062,MO,en,Null,feature_film,5128706
0,1043928,MO,en,Null,feature_film,5074319
0,1030107,MO,en,Null,feature_film,6042077
0,1030152,MO,en,Null,feature_film,5678714
0,1295304,MO,es,Null,feature_film,5592169
0,1029087,MO,en,Null,feature_film,5800344
0,1030125,MO,en,Null,feature_film,6352656
0,1029124,MO,en,Null,feature_film,5536906
0,1025759,MO,en,Null,feature_film,5815893
0,1019627,MO,en,Null,feature_film,5989720
0,1016051,MO,en,Null,feature_film,5232672
0,1017332,MO,en,Null,feature_film,5778147
0,1019036,MO,en,Null,feature_film,5655456
0,1019356,MO,en,Null,feature_film,6738792
0,1041154,MO,en,Null,feature_film,6149977
0,1018146,MO,en,Null,feature_film,5177630
0,1041965,MO,en,Null,feature_film,4842128
0,1006485,MO,en,Null,feature_film,8042075
0,1006484,MO,en,Null,feature_film,7293119
0,1006483,MO,en,Null,feature_film,7678178
0,1006482,MO,en,Null,feature_film,6604306
0,1006481,MO,en,Null,feature_film,6915283
0,1006480,MO,en,Null,feature_film,7849967
0,1006479,MO,en,Null,feature_film,7204822
0,1006478,MO,en,Null,feature_film,8533858
0,1006477,MO,en,Null,feature_film,7874616
0,1567535,MO,en,Null,feature_film,6760462
0,1528653,MO,en,Null,feature_film,6211204
0,1006476,MO,en,Null,feature_film,7511629
0,1006475,MO,en,Null,feature_film,7850676
0,1006474,MO,en,Null,feature_film,7819186
0,1006473,MO,en,Null,feature_film,7161153
0,1006472,MO,en,Null,feature_film,7539782
0,1006471,MO,en,Null,feature_film,6586705
0,1006470,MO,en,Null,feature_film,7016759
0,1009396,MO,en,Null,feature_film,4864150
0,1006469,MO,en,Null,feature_film,8000500
0,1006468,MO,en,Null,feature_film,7584535
0,1006467,MO,en,Null,feature_film,7686011
0,1006466,MO,en,Null,feature_film,7804679
0,1006465,MO,en,Null,feature_film,7951693
0,1010445,MO,en,Null,feature_film,7296792
0,1010444,MO,en,Null,feature_film,6790680
0,1010439,MO,en,Null,feature_film,5756232
0,1010438,MO,en,Null,feature_film,8453160
0,1003000,MO,en,Null,feature_film,5590167
0,1009409,MO,en,Null,feature_film,5592128
0,1001316,MO,en,Null,feature_film,4266408
0,1001315,MO,en,Null,feature_film,5065104
0,1001314,MO,en,Null,feature_film,4078848
0,1001312,MO,en,Null,feature_film,2619888
0,999625,MO,en,Null,feature_film,4153824
0,1001696,MO,en,Null,feature_film,4270488
0,999627,MO,en,Null,feature_film,5185032
0,999626,MO,en,Null,feature_film,2646120
0,1000375,MO,en,Null,feature_film,4082424
0,1001698,MO,en,Null,feature_film,4112256
0,999961,MO,en,Null,feature_film,3921648
0,999782,MO,en,Null,feature_film,6560784
0,996809,MO,en,Null,feature_film,7178856
0,999874,MO,en,Null,feature_film,6097674
0,1004155,MO,en,Null,feature_film,6150000
0,988127,MO,en,Null,feature_film,6278063
0,988079,MO,en,Null,feature_film,5443980
0,988078,MO,en,Null,feature_film,7121948
0,986578,MO,en,Null,feature_film,7830912
0,988120,MO,en,Null,feature_film,6609792
0,988118,MO,en,Null,feature_film,5264136
0,988110,MO,en,Null,feature_film,6668712
0,996808,MO,en,Null,feature_film,7096104
0,980384,MO,en,Null,feature_film,6341744
0,988097,MO,en,Null,feature_film,6704664
0,1005482,MO,ja,Null,feature_film,8457740
0,986980,MO,fr,Null,feature_film,5748784
0,1005490,MO,es,Null,feature_film,5634211
0,976538,MO,en,Null,feature_film,5184220
0,975357,MO,en,Null,feature_film,6315456
0,975349,MO,en,Null,feature_film,5555712
0,973479,MO,en,Null,feature_film,8346024
0,975344,MO,en,Null,feature_film,6936960
0,1019486,MO,ko,Null,feature_film,6445438
0,986948,MO,en,Null,feature_film,5245907
0,986899,MO,es,Null,feature_film,4857519
0,966497,MO,en,Null,feature_film,5604456
0,966490,MO,en,Null,feature_film,5024808
0,966489,MO,en,Null,feature_film,5076984
0,966602,MO,en,Null,feature_film,2877630
0,1004156,MO,en,Null,feature_film,6077870
0,958030,MO,en,Null,feature_film,7005696
0,957983,MO,it,Null,feature_film,6290158
0,957935,MO,en,Null,feature_film,7332616
0,957925,MO,es,Null,feature_film,6163407
0,957816,MO,fr,Null,feature_film,5597592
0,958041,MO,en,Null,feature_film,7006290
0,957965,MO,en,Null,feature_film,5645765
0,957961,MO,en,Null,feature_film,4606184
0,1029607,MO,en,Null,feature_film,8100068
0,957958,MO,en,Null,feature_film,5164200
0,958495,MO,en,Null,feature_film,5416944
0,958005,MO,en,Null,feature_film,6714528
0,958004,MO,en,Null,feature_film,5451720
0,940624,MO,en,Null,feature_film,5698296
0,945215,MO,en,Null,feature_film,5617800
0,930093,MO,en,Null,feature_film,6688416
0,936002,MO,en,Null,feature_film,6177000
0,939695,MO,en,Null,feature_film,5217421
0,939583,MO,en,Null,feature_film,5968381
0,939230,MO,en,Null,feature_film,5120903
0,922960,MO,en,Null,feature_film,7429032
0,921063,MO,en,Null,feature_film,5099784
0,924034,MO,en,Null,feature_film,6618216
0,921588,MO,es,Null,feature_film,4829449
0,921595,MO,es,Null,feature_film,3412075
0,921587,MO,en,Null,feature_film,3411116
0,921586,MO,es,Null,feature_film,3438726
0,921594,MO,es,Null,feature_film,4813308
0,921584,MO,es,Null,feature_film,5238316
0,921583,MO,en,Null,feature_film,4834454
0,921582,MO,en,Null,feature_film,3412200
0,921581,MO,en,Null,feature_film,3411116
0,921585,MO,en,Null,feature_film,3438768
0,921580,MO,en,Null,feature_film,4813308
0,921579,MO,en,Null,feature_film,5238233
0,917244,MO,en,Null,feature_film,3813144
0,914305,MO,ru,Null,feature_film,5204304
0,909394,MO,en,Null,feature_film,5274768
0,899501,MO,en,Null,feature_film,5414617
0,909378,MO,en,Null,feature_film,4769136
0,897203,MO,en,Null,feature_film,5912823
0,897210,MO,en,Null,feature_film,6439752
0,895630,MO,en,Null,feature_film,5102976
0,1063882,MO,en,Null,feature_film,4952989
0,900114,MO,en,Null,feature_film,9273744
0,891627,MO,en,Null,feature_film,6402312
0,885770,MO,en,Null,feature_film,5087328
0,885785,MO,en,Null,feature_film,6597716
0,885783,MO,en,Null,feature_film,5836872
0,876137,MO,en,Null,feature_film,5537823
0,862313,MO,en,Null,feature_film,6155712
0,863509,MO,en,Null,feature_film,6751591
0,850318,MO,en,Null,feature_film,5139216
0,850291,MO,fr,Null,feature_film,6699600
0,845312,MO,ja,Null,feature_film,4428456
0,891176,MO,en,Null,feature_film,6167828
0,851526,MO,en,Null,feature_film,5181259
0,852599,MO,en,Null,feature_film,5075653
0,850369,MO,en,Null,feature_film,6523767
0,850343,MO,en,Null,feature_film,5894263
0,850367,MO,en,Null,feature_film,6534945
0,850409,MO,en,Null,feature_film,7348299
0,850275,MO,en,Null,feature_film,6052880
0,850413,MO,es,Null,feature_film,6562264
0,850299,MO,es,Null,feature_film,5639967
0,850337,MO,en,Null,feature_film,6334202
0,850336,MO,en,Null,feature_film,5543788
0,850381,MO,en,Null,feature_film,6141885
0,850358,MO,en,Null,feature_film,6193020
0,850392,MO,en,Null,feature_film,5681801
0,850264,MO,en,Null,feature_film,5866527
0,850305,MO,en,Null,feature_film,6117611
0,850377,MO,en,Null,feature_film,5848968
0,850216,MO,en,Null,feature_film,5373159
0,850267,MO,en,Null,feature_film,6630540
0,812684,MO,en,Null,feature_film,6647724
0,812351,MO,en,Null,feature_film,5361230
0,812730,MO,en,Null,feature_film,6570270
0,812703,MO,en,Null,feature_film,5447483
0,813875,MO,en,Null,feature_film,4737065
0,853787,MO,en,Null,feature_film,6140926
0,812743,MO,fr,Null,feature_film,6624701
0,812688,MO,ko,Null,feature_film,6900059
0,812725,MO,en,Null,feature_film,6120614
0,812723,MO,en,Null,feature_film,6471256
0,812751,MO,en,Null,feature_film,5767553
0,786748,MO,en,Null,feature_film,5294789
0,786758,MO,en,Null,feature_film,6322344
0,786757,MO,en,Null,feature_film,7093137
0,786746,MO,en,Null,feature_film,5235516
0,786765,MO,en,Null,feature_film,5543955
0,766593,MO,en,Null,feature_film,5257293
0,764603,MO,en,Null,feature_film,8028395
0,788078,MO,en,Null,feature_film,5657112
0,733242,MO,en,Null,feature_film,7513214
0,729725,MO,en,Null,feature_film,6400435
0,762237,MO,en,Null,feature_film,5565726
0,732942,MO,en,Null,feature_film,6000995
0,656030,MO,en,Null,feature_film,4482060
0,657430,MO,en,Null,feature_film,5692687
0,658331,MO,en,Null,feature_film,4272268
0,657720,MO,fr,Null,feature_film,6922749
0,643505,MO,en,Null,feature_film,5625080
0,636761,MO,ja,Null,feature_film,4947943
0,665441,MO,en,Null,feature_film,4788720
0,619189,MO,ja,Null,feature_film,5166264
0,614016,MO,en,Null,feature_film,5400115
0,603799,MO,ja,Null,feature_film,7470552
0,603800,MO,en,Null,feature_film,7470552
0,617941,MO,en,Null,feature_film,5339136
0,587876,MO,ja,Null,feature_film,6048024
0,576773,MO,en,Null,feature_film,5784816
0,588488,MO,en,Null,feature_film,5079462
0,589046,MO,en,Null,feature_film,6249159
0,589045,MO,en,Null,feature_film,7174834
0,589056,MO,en,Null,feature_film,7149809
0,578263,MO,en,Null,feature_film,6242664
0,588720,MO,en,Null,feature_film,4400742
0,579781,MO,en,Null,feature_film,4538630
0,575465,MO,en,Null,feature_film,5584200
0,582880,MO,en,Null,feature_film,6439224
0,580164,MO,en,Null,feature_film,5608656
0,622165,MO,en,Null,feature_film,6151707
0,571698,MO,en,Null,feature_film,5476846
0,568833,MO,en,Null,feature_film,5770389
0,574663,MO,ja,Null,feature_film,5555592
0,562324,MO,en,Null,feature_film,4965348
0,542902,MO,en,Null,feature_film,5859311
0,543918,MO,en,Null,feature_film,7269262
0,535272,MO,en,Null,feature_film,7190391
0,539723,MO,en,Null,feature_film,6747824
0,526471,MO,en,Null,feature_film,6910445
0,524995,MO,en,Null,feature_film,6297833
0,530568,MO,ja,Null,feature_film,5010048
0,501230,MO,en,Null,feature_film,5505587
0,486308,MO,en,Null,feature_film,5663328
0,486312,MO,en,Null,feature_film,5487192
0,484621,MO,en,Null,feature_film,6776762
0,480342,MO,en,Null,feature_film,7808926
0,473121,MO,en,Null,feature_film,7990440
0,466907,MO,en,Null,feature_film,5889646
0,459885,MO,ja,Null,feature_film,5576760
0,444336,MO,fr,Null,feature_film,6295468
0,434936,MO,en,Null,feature_film,4975608
0,442451,MO,en,Null,feature_film,1478808
0,431388,MO,en,Null,feature_film,4844047
0,442448,MO,en,Null,feature_film,1515360
0,442454,MO,en,Null,feature_film,5636472
0,441610,MO,en,Null,feature_film,5231400
0,442455,MO,en,Null,feature_film,1537560
0,431387,MO,en,Null,feature_film,5166744
0,444333,MO,en,Null,feature_film,4247360
0,442251,MO,en,Null,feature_film,4455000
0,418886,MO,en,Null,feature_film,5542161
0,418885,MO,en,Null,feature_film,5245606
0,418887,MO,en,Null,feature_film,5617236
0,418882,MO,en,Null,feature_film,6194396
0,452065,MO,en,Null,feature_film,6174418
0,360251,MO,en,Null,film_clip,2428397
0,360572,MO,ja,Null,feature_film,5435976
0,342880,MO,en,Null,feature_film,5463958
0,207977,MO,en,Null,feature_film,5274514
0,156334,MO,en,Null,feature_film,6065919
0,154291,MO,en,Null,feature_film,6502787
0,156822,MO,en,Null,feature_film,6123784
0,156820,MO,en,Null,feature_film,7732968
0,146471,MO,en,Null,feature_film,5747664
0,140726,MO,en,Null,feature_film,5582976
0,140725,MO,en,Null,feature_film,5241110
0,142476,MO,en,Null,feature_film,4956888
0,129190,MO,en,Null,feature_film,5791080
0,109914,MO,en,Null,feature_film,4796208
0,293160,MO,en,Null,feature_film,5484336
0,288153,MO,en,Null,feature_film,4897872
0,255584,MO,en,Null,feature_film,5069355
0,263489,MO,en,Null,feature_film,5348040
0,82141,MO,en,Null,feature_film,7835828
0,62387,MO,en,Null,feature_film,6860645
0,57047,MO,en,Null,feature_film,5976595
0,55746,MO,en,Null,feature_film,5491277
0,40770,MO,en,Null,feature_film,7694697
0,46779,MO,en,Null,feature_film,7167816
0,27821,MO,en,Null,feature_film,6713232
0,15153,MO,en,Null,feature_film,5193336
0,14910,MO,en,Null,feature_film,6092064
0,12951,MO,en,Null,feature_film,5302800
0,13015,MO,en,Null,feature_film,6086808
0,12873,MO,en,Null,feature_film,4964040
